1362829039335, 0.0
1362829039455, 0.0
1362829039488, 0.0
1362829039523, 51.91704559326172
1362829039556, 55.01970291137695
1362829039589, 56.118988037109375
1362829039622, 47.1287841796875
1362829039655, 46.14625930786133
1362829039689, 42.81947708129883
1362829039722, 41.147003173828125
1362829039755, 40.68531799316406
1362829039788, 39.27585983276367
1362829039822, 39.958553314208984
1362829039855, 42.11819076538086
1362829039889, 42.5877685546875
1362829039922, 41.7034797668457
1362829039955, 38.49885940551758
1362829039989, 34.05198287963867
1362829040022, 34.27816390991211
1362829040055, 36.389930725097656
1362829040089, 38.28040313720703
1362829040123, 39.237831115722656
1362829040156, 39.916297912597656
1362829040189, 44.29468536376953
1362829040222, 44.85996627807617
1362829040255, 42.901546478271484
1362829040288, 42.175907135009766
1362829040321, 43.765743255615234
1362829040354, 41.4483642578125
1362829040387, 35.387123107910156
1362829040421, 34.77347183227539
1362829040454, 33.78550720214844
1362829040487, 32.758087158203125
1362829040521, 33.19293212890625
1362829040554, 33.78072738647461
1362829040588, 33.96217727661133
1362829040622, 32.3765869140625
1362829040655, 32.013877868652344
1362829040688, 29.778703689575195
1362829040721, 28.522777557373047
1362829040755, 30.217140197753906
1362829040788, 33.631202697753906
1362829040822, 35.09796142578125
1362829040855, 33.6193962097168
1362829040889, 32.282962799072266
1362829040923, 32.51335144042969
1362829040956, 33.28675842285156
1362829040989, 33.912349700927734
1362829041022, 33.912349700927734
1362829041055, 38.609588623046875
1362829041088, 40.26738739013672
1362829041121, 36.23933029174805
1362829041155, 34.65266036987305
1362829041188, 38.52598571777344
1362829041221, 41.57136535644531
1362829041254, 41.082427978515625
1362829041287, 39.56559753417969
1362829041320, 37.50333786010742
1362829041353, 37.41181564331055
1362829041386, 36.4634895324707
1362829041419, 33.897621154785156
1362829041452, 33.65367126464844
1362829041485, 35.21549606323242
1362829041519, 37.30388259887695
1362829041552, 35.012298583984375
1362829041585, 33.57880401611328
1362829041619, 40.50446319580078
1362829041653, 43.39763641357422
1362829041686, 40.356178283691406
1362829041719, 41.35577392578125
1362829041752, 42.420475006103516
1362829041785, 40.85498046875
1362829041818, 41.40566635131836
1362829041851, 43.61475372314453
1362829041884, 43.1926383972168
1362829041917, 44.38496780395508
1362829041957, 46.0638313293457
1362829041993, 43.29152297973633
1362829042026, 45.350830078125
1362829042060, 48.97593688964844
1362829042093, 46.7368278503418
1362829042127, 45.19975662231445
1362829042160, 46.99903106689453
1362829042194, 49.82828140258789
1362829042227, 51.07929992675781
1362829042262, 50.90287399291992
1362829042295, 48.11848449707031
1362829042328, 45.03548049926758
1362829042361, 40.232521057128906
1362829042394, 40.25720977783203
1362829042428, 39.50625228881836
1362829042462, 38.34177017211914
1362829042498, 43.54439163208008
1362829042529, 45.13364791870117
1362829042562, 41.55120086669922
1362829042595, 40.89086151123047
1362829042629, 43.70470428466797
1362829042663, 42.91839599609375
1362829042696, 41.17657470703125
1362829042730, 41.989994049072266
1362829042763, 43.080101013183594
1362829042799, 40.42964553833008
1362829042832, 40.72315216064453
1362829042866, 42.034423828125
1362829042899, 40.893646240234375
1362829042935, 46.91757583618164
1362829042968, 51.571449279785156
1362829043001, 55.563560485839844
1362829043035, 53.17548370361328
1362829043069, 51.083824157714844
1362829043103, 50.21631622314453
1362829043147, 52.061866760253906
1362829043181, 50.47670364379883
1362829043216, 49.63792037963867
1362829043249, 53.733943939208984
1362829043283, 54.82483673095703
1362829043316, 51.75413513183594
1362829043349, 51.25633239746094
1362829043382, 46.18763732910156
1362829043415, 44.39358139038086
1362829043448, 46.817649841308594
1362829043481, 49.400001525878906
1362829043515, 52.60367965698242
1362829043560, 54.9367561340332
1362829043593, 54.80004119873047
1362829043641, 51.94894027709961
1362829043675, 48.955589294433594
1362829043708, 49.08955764770508
1362829043741, 47.38185501098633
1362829043774, 50.8533821105957
1362829043807, 54.33391571044922
1362829043840, 54.225101470947266
1362829043873, 54.26482009887695
1362829043906, 55.396915435791016
1362829043940, 56.292205810546875
1362829043974, 54.72174835205078
1362829044008, 52.07958984375
1362829044045, 50.59585952758789
1362829044075, 47.74534606933594
1362829044108, 47.77129364013672
1362829044145, 49.207313537597656
1362829044179, 48.63078308105469
1362829044212, 48.87152099609375
1362829044249, 48.81897735595703
1362829044282, 46.248939514160156
1362829044316, 45.96969223022461
1362829044349, 46.021907806396484
1362829044383, 48.00065994262695
1362829044416, 52.68510818481445
1362829044450, 54.43118667602539
1362829044483, 54.54587936401367
1362829044517, 52.720333099365234
1362829044551, 51.7586669921875
1362829044584, 50.57880783081055
1362829044617, 49.808998107910156
1362829044650, 48.89928436279297
1362829044685, 47.82008361816406
1362829044722, 47.8648681640625
1362829044754, 48.58814239501953
1362829044787, 50.08017349243164
1362829044820, 48.283355712890625
1362829044853, 45.70957946777344
1362829044887, 45.93950653076172
1362829044921, 47.525272369384766
1362829044955, 46.67179489135742
1362829044989, 45.13022994995117
1362829045022, 43.051265716552734
1362829045070, 44.072776794433594
1362829045105, 46.08402633666992
1362829045139, 47.653038024902344
1362829045172, 50.25346755981445
1362829045205, 50.25346755981445
1362829045239, 49.71587371826172
1362829045274, 45.850215911865234
1362829045307, 48.982181549072266
1362829045340, 48.86875915527344
1362829045373, 47.453678131103516
1362829045406, 47.15068817138672
1362829045439, 46.67349624633789
1362829045472, 49.36728286743164
1362829045505, 54.6381721496582
1362829045538, 53.94491958618164
1362829045571, 56.43971252441406
1362829045605, 58.61911392211914
1362829045638, 57.83884811401367
1362829045671, 59.639183044433594
1362829045704, 57.32395553588867
1362829045740, 51.10121154785156
1362829045776, 47.77705764770508
1362829045808, 47.116390228271484
1362829045841, 46.61795425415039
1362829045874, 45.410762786865234
1362829045908, 43.72953414916992
1362829045943, 44.25477600097656
1362829045976, 45.11247634887695
1362829046010, 56.89562225341797
1362829046044, 58.61271667480469
1362829046079, 60.94605255126953
1362829046113, 63.83756637573242
1362829046146, 66.5097427368164
1362829046179, 64.22847747802734
1362829046212, 60.17636489868164
1362829046246, 54.32870101928711
1362829046280, 51.210052490234375
1362829046313, 47.11558532714844
1362829046346, 44.5528564453125
1362829046379, 44.357421875
1362829046412, 43.42357635498047
1362829046445, 40.575923919677734
1362829046478, 35.82257843017578
1362829046511, 39.45140838623047
1362829046545, 42.715396881103516
1362829046578, 43.04414367675781
1362829046611, 43.382991790771484
1362829046644, 43.205787658691406
1362829046677, 40.932342529296875
1362829046710, 36.63762664794922
1362829046743, 32.051002502441406
1362829046777, 29.830202102661133
1362829046810, 26.991649627685547
1362829046843, 24.97203826904297
1362829046876, 19.96021842956543
1362829046910, 16.966039657592773
1362829046943, 12.815277099609375
1362829046977, 15.748594284057617
1362829047010, 19.1629638671875
1362829047043, 21.734573364257813
1362829047124, 24.70401954650879
1362829047161, 20.917333602905273
1362829047195, 21.111164093017578
1362829047228, 20.684337615966797
1362829047261, 19.15103530883789
1362829047294, 19.783029556274414
1362829047327, 18.802919387817383
1362829047360, 18.919797897338867
1362829047393, 19.75823402404785
1362829047427, 14.937507629394531
1362829047460, 13.954141616821289
1362829047493, 14.348825454711914
1362829047526, 12.639298439025879
1362829047560, 13.649236679077148
1362829047593, 14.158258438110352
1362829047627, 13.5708646774292
1362829047661, 12.54220199584961
1362829047694, 10.899362564086914
1362829047727, 8.4196138381958
1362829047760, 7.480688571929932
1362829047793, 6.05080509185791
1362829047826, 2.152147054672241
1362829047860, 1.5924822092056274
1362829047893, 359.62744140625
1362829047926, 356.93243408203125
1362829047961, 356.28216552734375
1362829047994, 355.7336120605469
1362829048027, 355.41925048828125
1362829048060, 355.94384765625
1362829048093, 356.6687316894531
1362829048126, 358.53173828125
1362829048159, 0.06360234320163727
1362829048193, 0.9829440712928772
1362829048225, 1.9470267295837402
1362829048259, 1.6892566680908203
1362829048292, 2.866645336151123
1362829048325, 2.886516571044922
1362829048358, 1.3299357891082764
1362829048392, 2.574345350265503
1362829048425, 1.6999285221099854
1362829048458, 0.5270246267318726
1362829048491, 0.3767918646335602
1362829048525, 358.6170959472656
1362829048558, 355.0310974121094
1362829048591, 354.79949951171875
1362829048625, 354.7313232421875
1362829048658, 353.9651794433594
1362829048692, 353.0595703125
1362829048725, 352.52886962890625
1362829048759, 352.8570556640625
1362829048792, 352.5132141113281
1362829048825, 350.5802917480469
1362829048858, 348.77203369140625
1362829048892, 347.7789306640625
1362829048926, 347.68182373046875
1362829048959, 346.7434997558594
1362829048993, 347.4024658203125
1362829049026, 349.4187927246094
1362829049059, 351.82928466796875
1362829049094, 352.0950012207031
1362829049128, 352.461181640625
1362829049161, 352.53936767578125
1362829049195, 353.6431579589844
1362829049228, 354.6367492675781
1362829049261, 356.0160217285156
1362829049294, 357.4142150878906
1362829049327, 359.25457763671875
1362829049360, 358.8355407714844
1362829049393, 357.1095886230469
1362829049426, 355.0555725097656
1362829049459, 353.0001525878906
1362829049493, 352.43206787109375
1362829049526, 352.00323486328125
1362829049559, 351.2223205566406
1362829049593, 351.167724609375
1362829049626, 348.9288024902344
1362829049659, 347.132080078125
1362829049693, 345.5254211425781
1362829049726, 344.9609680175781
1362829049760, 344.0591125488281
1362829049793, 343.9482727050781
1362829049827, 345.01934814453125
1362829049860, 345.66619873046875
1362829049894, 347.3052978515625
1362829049927, 350.52679443359375
1362829049961, 351.71954345703125
1362829049994, 352.312255859375
1362829050027, 353.7779541015625
1362829050060, 354.0216979980469
1362829050096, 354.21588134765625
1362829050130, 354.21588134765625
1362829050163, 355.0179443359375
1362829050197, 354.2033996582031
1362829050230, 355.8754577636719
1362829050263, 356.54644775390625
1362829050297, 355.1944274902344
1362829050330, 353.9884338378906
1362829050363, 354.2900695800781
1362829050396, 354.623291015625
1362829050430, 354.6404113769531
1362829050463, 353.09649658203125
1362829050496, 350.75360107421875
1362829050529, 349.2044677734375
1362829050563, 348.4862060546875
1362829050596, 348.9193115234375
1362829050629, 347.7759704589844
1362829050662, 346.31329345703125
1362829050696, 345.36944580078125
1362829050729, 345.114501953125
1362829050762, 344.5634460449219
1362829050795, 344.64404296875
1362829050828, 345.9037780761719
1362829050862, 348.0896301269531
1362829050896, 350.4157409667969
1362829050929, 351.2842102050781
1362829050963, 352.07000732421875
1362829050996, 352.39752197265625
1362829051030, 354.2568054199219
1362829051064, 355.27667236328125
1362829051097, 355.71624755859375
1362829051131, 357.17047119140625
1362829051164, 356.5393981933594
1362829051198, 355.2017517089844
1362829051231, 354.6021728515625
1362829051264, 352.35595703125
1362829051298, 351.38818359375
1362829051331, 350.7769470214844
1362829051365, 349.8377380371094
1362829051399, 348.99273681640625
1362829051432, 346.3440856933594
1362829051466, 346.51898193359375
1362829051499, 346.6207580566406
1362829051533, 345.650146484375
1362829051566, 346.62615966796875
1362829051600, 347.72674560546875
1362829051633, 347.35833740234375
1362829051667, 347.69036865234375
1362829051701, 348.04815673828125
1362829051734, 349.49395751953125
1362829051768, 351.4627380371094
1362829051801, 353.8221435546875
1362829051835, 353.9314270019531
1362829051869, 354.0722351074219
1362829051902, 356.51373291015625
1362829051935, 358.0140075683594
1362829051969, 356.6637878417969
1362829052003, 356.5146179199219
1362829052036, 357.29754638671875
1362829052069, 356.2380065917969
1362829052103, 356.302978515625
1362829052137, 357.9395751953125
1362829052170, 357.2057189941406
1362829052203, 358.1787109375
1362829052236, 358.8615417480469
1362829052269, 358.8712158203125
1362829052302, 358.88360595703125
1362829052335, 357.2576904296875
1362829052369, 357.2667541503906
1362829052403, 354.8701171875
1362829052436, 348.662353515625
1362829052470, 348.4459228515625
1362829052503, 346.1546630859375
1362829052536, 345.1611633300781
1362829052570, 346.7666015625
1362829052623, 347.3608703613281
1362829052656, 349.0284729003906
1362829052696, 351.5016174316406
1362829052731, 353.23486328125
1362829052765, 355.67584228515625
1362829052799, 357.51458740234375
1362829052832, 1.480304479598999
1362829052865, 3.682156801223755
1362829052898, 3.5816006660461426
1362829052931, 5.390900611877441
1362829052964, 5.084819316864014
1362829052998, 3.790201425552368
1362829053031, 1.6158604621887207
1362829053064, 358.9364013671875
1362829053097, 358.073486328125
1362829053131, 357.3428649902344
1362829053164, 357.0801086425781
1362829053197, 356.9615173339844
1362829053230, 353.6167297363281
1362829053263, 351.6754455566406
1362829053296, 351.642578125
1362829053329, 350.2561340332031
1362829053362, 349.5496826171875
1362829053395, 348.7531433105469
1362829053428, 348.614990234375
1362829053461, 346.9162902832031
1362829053494, 346.40478515625
1362829053528, 348.36297607421875
1362829053561, 349.1293640136719
1362829053595, 349.8187561035156
1362829053628, 351.48193359375
1362829053661, 353.04608154296875
1362829053695, 353.6693420410156
1362829053728, 359.6526794433594
1362829053761, 358.75
1362829053796, 356.5199279785156
1362829053829, 359.1693420410156
1362829053862, 359.66204833984375
1362829053895, 354.5058898925781
1362829053939, 352.7818298339844
1362829053972, 351.0341796875
1362829054005, 351.8236999511719
1362829054038, 352.00592041015625
1362829054071, 350.1285095214844
1362829054105, 348.12457275390625
1362829054139, 344.8479919433594
1362829054173, 345.0811767578125
1362829054206, 345.48095703125
1362829054240, 345.48095703125
1362829054273, 343.907958984375
1362829054306, 345.2896423339844
1362829054339, 345.00006103515625
1362829054372, 345.5804748535156
1362829054405, 347.2198791503906
1362829054439, 349.850830078125
1362829054472, 351.2779846191406
1362829054505, 352.8119201660156
1362829054539, 354.5469970703125
1362829054573, 354.0715026855469
1362829054606, 356.0749816894531
1362829054642, 357.74713134765625
1362829054676, 355.9377746582031
1362829054710, 353.7178039550781
1362829054745, 351.7662658691406
1362829054780, 350.8096923828125
1362829054813, 352.423828125
1362829054847, 353.99932861328125
1362829054880, 354.9266662597656
1362829054914, 355.2944641113281
1362829054947, 355.782470703125
1362829054980, 355.782470703125
1362829055014, 349.94866943359375
1362829055047, 347.6723327636719
1362829055081, 346.8187255859375
1362829055114, 345.336181640625
1362829055147, 342.1903381347656
1362829055181, 342.84130859375
1362829055214, 343.2113952636719
1362829055247, 343.4650573730469
1362829055280, 345.9297790527344
1362829055314, 348.6310119628906
1362829055347, 351.40289306640625
1362829055380, 354.0952453613281
1362829055413, 355.2720642089844
1362829055447, 355.74566650390625
1362829055481, 358.6314392089844
1362829055514, 357.97747802734375
1362829055548, 353.8588562011719
1362829055582, 353.5370178222656
1362829055615, 353.5488586425781
1362829055648, 351.8747863769531
1362829055682, 348.5377197265625
1362829055715, 345.9757995605469
1362829055748, 345.2315673828125
1362829055781, 344.7699890136719
1362829055815, 345.1787109375
1362829055848, 346.0948791503906
1362829055881, 345.6004943847656
1362829055914, 346.4297790527344
1362829055947, 346.04266357421875
1362829055981, 344.03778076171875
1362829056014, 344.310302734375
1362829056047, 344.40179443359375
1362829056081, 343.1526794433594
1362829056115, 341.9500427246094
1362829056148, 339.6591796875
1362829056182, 339.6591796875
1362829056215, 338.2159729003906
1362829056248, 339.19287109375
1362829056281, 344.3145446777344
1362829056314, 346.072021484375
1362829056347, 347.7916564941406
1362829056381, 352.22674560546875
1362829056414, 354.5190124511719
1362829056447, 354.28277587890625
1362829056480, 354.1275939941406
1362829056513, 353.80657958984375
1362829056547, 352.82855224609375
1362829056579, 350.887939453125
1362829056613, 350.482666015625
1362829056646, 350.0209655761719
1362829056680, 349.623779296875
1362829056714, 349.898193359375
1362829056748, 348.5166931152344
1362829056781, 344.5078125
1362829056814, 343.8095397949219
1362829056848, 344.4269714355469
1362829056882, 344.0536193847656
1362829056915, 344.3393249511719
1362829056949, 345.19061279296875
1362829056982, 345.96197509765625
1362829057015, 345.95159912109375
1362829057049, 346.2159423828125
1362829057083, 349.057861328125
1362829057115, 350.5615539550781
1362829057149, 350.5615539550781
1362829057183, 350.0841979980469
1362829057217, 349.67059326171875
1362829057250, 348.6002502441406
1362829057284, 347.52056884765625
1362829057318, 347.4625549316406
1362829057352, 351.9328308105469
1362829057385, 355.9051208496094
1362829057418, 356.1646728515625
1362829057452, 354.0523986816406
1362829057485, 348.832275390625
1362829057518, 344.5089111328125
1362829057551, 341.68255615234375
1362829057585, 342.47528076171875
1362829057619, 342.81292724609375
1362829057653, 342.61248779296875
1362829057686, 342.5856018066406
1362829057719, 342.39324951171875
1362829057753, 340.724853515625
1362829057787, 337.63873291015625
1362829057820, 335.96392822265625
1362829057853, 336.7394714355469
1362829057886, 336.9400634765625
1362829057919, 335.8877258300781
1362829057952, 334.7677001953125
1362829057985, 335.68292236328125
1362829058019, 337.5572814941406
1362829058052, 338.3113708496094
1362829058086, 340.5251770019531
1362829058120, 344.865478515625
1362829058154, 346.295654296875
1362829058187, 344.0123596191406
1362829058220, 342.1280822753906
1362829058254, 341.47882080078125
1362829058287, 342.06329345703125
1362829058320, 341.8553466796875
1362829058355, 341.8943786621094
1362829058387, 342.36676025390625
1362829058423, 343.37384033203125
1362829058457, 345.1058349609375
1362829058490, 344.2509460449219
1362829058537, 343.6533203125
1362829058570, 342.727294921875
1362829058603, 341.4097900390625
1362829058636, 339.4983215332031
1362829058669, 337.2721862792969
1362829058702, 336.4499816894531
1362829058735, 336.71075439453125
1362829058768, 335.8928527832031
1362829058802, 336.44732666015625
1362829058835, 337.6851501464844
1362829058868, 338.73724365234375
1362829058901, 341.658447265625
1362829058935, 345.3979187011719
1362829058969, 348.00421142578125
1362829059003, 352.4525146484375
1362829059036, 355.054443359375
1362829059069, 354.3441467285156
1362829059102, 356.4539794921875
1362829059144, 357.84185791015625
1362829059178, 352.15924072265625
1362829059212, 342.3967590332031
1362829059246, 340.5845642089844
1362829059279, 340.8536376953125
1362829059313, 342.69354248046875
1362829059346, 344.00567626953125
1362829059380, 344.58477783203125
1362829059414, 344.9476318359375
1362829059449, 347.65618896484375
1362829059483, 350.07745361328125
1362829059516, 349.5429382324219
1362829059549, 347.6236877441406
1362829059583, 346.5027160644531
1362829059616, 346.00518798828125
1362829059649, 344.9748229980469
1362829059682, 343.7130126953125
1362829059715, 344.1480712890625
1362829059749, 344.9621887207031
1362829059782, 345.8414001464844
1362829059815, 346.66265869140625
1362829059849, 350.55712890625
1362829059882, 352.49267578125
1362829059916, 352.677490234375
1362829059950, 351.7470703125
1362829059983, 352.4690246582031
1362829060016, 352.47662353515625
1362829060055, 352.5644836425781
1362829060088, 352.4658203125
1362829060121, 349.01910400390625
1362829060155, 346.4921875
1362829060188, 346.56109619140625
1362829060221, 346.52191162109375
1362829060254, 346.27947998046875
1362829060287, 343.56793212890625
1362829060320, 341.44970703125
1362829060354, 341.07183837890625
1362829060387, 339.47467041015625
1362829060420, 337.5148620605469
1362829060453, 339.2776794433594
1362829060486, 341.9911193847656
1362829060519, 342.5384826660156
1362829060553, 343.2103271484375
1362829060586, 345.56890869140625
1362829060619, 345.6078186035156
1362829060652, 344.86773681640625
1362829060686, 345.0313415527344
1362829060719, 347.4136962890625
1362829060753, 350.0285949707031
1362829060786, 351.8362731933594
1362829060820, 350.3963623046875
1362829060854, 350.85784912109375
1362829060887, 351.4263000488281
1362829060920, 349.4859619140625
1362829060954, 348.4126281738281
1362829060987, 346.64910888671875
1362829061021, 344.9776916503906
1362829061054, 344.75030517578125
1362829061089, 345.2633972167969
1362829061123, 345.7916564941406
1362829061160, 346.58154296875
1362829061194, 346.5033264160156
1362829061227, 342.53076171875
1362829061260, 341.44921875
1362829061294, 339.1769104003906
1362829061327, 338.53375244140625
1362829061360, 340.9216003417969
1362829061393, 341.6972351074219
1362829061426, 341.585205078125
1362829061460, 341.8782043457031
1362829061494, 342.2801208496094
1362829061527, 341.343017578125
1362829061561, 341.35064697265625
1362829061594, 343.29052734375
1362829061628, 343.956787109375
1362829061661, 343.2916564941406
1362829061694, 341.4685974121094
1362829061727, 342.11529541015625
1362829061761, 344.7200622558594
1362829061793, 345.49700927734375
1362829061826, 344.62823486328125
1362829061859, 340.7545471191406
1362829061892, 336.83502197265625
1362829061926, 335.986328125
1362829061960, 335.9544982910156
1362829061994, 335.9544982910156
1362829062027, 334.7737731933594
1362829062060, 333.9794006347656
1362829062093, 334.69818115234375
1362829062126, 334.857666015625
1362829062159, 332.8651123046875
1362829062192, 335.7938537597656
1362829062225, 336.51824951171875
1362829062258, 337.7925109863281
1362829062291, 340.20599365234375
1362829062324, 339.252197265625
1362829062358, 338.7951965332031
1362829062391, 339.9446716308594
1362829062424, 338.0402526855469
1362829062464, 336.1039123535156
1362829062498, 336.44781494140625
1362829062532, 334.1870422363281
1362829062566, 332.4288024902344
1362829062600, 325.3611145019531
1362829062633, 324.23828125
1362829062667, 325.183349609375
1362829062700, 322.58209228515625
1362829062733, 323.69671630859375
1362829062766, 324.046875
1362829062799, 324.72967529296875
1362829062832, 324.4909362792969
1362829062865, 323.63604736328125
1362829062899, 319.76055908203125
1362829062932, 314.1416015625
1362829062966, 305.3655700683594
1362829062999, 306.7781066894531
1362829063033, 304.6258850097656
1362829063066, 302.5154724121094
1362829063100, 301.7424011230469
1362829063133, 297.66180419921875
1362829063166, 295.5067138671875
1362829063200, 292.91973876953125
1362829063233, 290.6410827636719
1362829063266, 290.7114562988281
1362829063299, 292.91070556640625
1362829063332, 297.370849609375
1362829063365, 300.4466857910156
1362829063398, 300.0466003417969
1362829063432, 301.36383056640625
1362829063466, 300.8384094238281
1362829063499, 297.2033996582031
1362829063533, 299.7962341308594
1362829063566, 300.3868713378906
1362829063599, 296.2995300292969
1362829063634, 291.53924560546875
1362829063667, 291.40386962890625
1362829063700, 292.9339599609375
1362829063735, 294.02874755859375
1362829063768, 296.0078125
1362829063801, 296.725341796875
1362829063835, 293.33221435546875
1362829063868, 293.1102294921875
1362829063901, 299.89385986328125
1362829063936, 298.3304138183594
1362829063970, 293.2156982421875
1362829064003, 290.9481506347656
1362829064037, 289.7899169921875
1362829064073, 282.91680908203125
1362829064106, 279.2803039550781
1362829064139, 278.153564453125
1362829064172, 278.515380859375
1362829064205, 281.7601318359375
1362829064243, 283.3275451660156
1362829064277, 288.0275573730469
1362829064311, 289.1335754394531
1362829064344, 296.18487548828125
1362829064383, 296.18487548828125
1362829064416, 287.8067626953125
1362829064449, 285.2611999511719
1362829064482, 276.4158935546875
1362829064515, 270.83270263671875
1362829064548, 270.9125061035156
1362829064581, 273.43603515625
1362829064614, 274.5330810546875
1362829064647, 278.476806640625
1362829064680, 279.9532775878906
1362829064714, 277.03240966796875
1362829064748, 273.8889465332031
1362829064781, 280.78466796875
1362829064815, 282.927490234375
1362829064848, 277.0955810546875
1362829064881, 274.224853515625
1362829064914, 272.3670349121094
1362829064947, 268.6587219238281
1362829064980, 268.27447509765625
1362829065013, 269.704833984375
1362829065046, 272.58978271484375
1362829065079, 274.9891052246094
1362829065112, 281.00537109375
1362829065146, 283.2359619140625
1362829065179, 281.99517822265625
1362829065212, 286.3123779296875
1362829065245, 284.34844970703125
1362829065278, 278.84967041015625
1362829065311, 278.1247863769531
1362829065344, 275.1398010253906
1362829065377, 264.5374755859375
1362829065410, 257.4468994140625
1362829065444, 262.017333984375
1362829065478, 267.68072509765625
1362829065511, 273.67333984375
1362829065544, 281.1020202636719
1362829065577, 282.5824279785156
1362829065610, 280.88824462890625
1362829065644, 282.0917053222656
1362829065677, 283.7052307128906
1362829065710, 281.20074462890625
1362829065754, 276.72967529296875
1362829065787, 275.22283935546875
1362829065820, 273.02911376953125
1362829065853, 272.26666259765625
1362829065887, 272.733642578125
1362829065920, 273.5359191894531
1362829065954, 275.2872009277344
1362829065987, 279.2489013671875
1362829066021, 281.44891357421875
1362829066055, 283.30316162109375
1362829066093, 288.8110046386719
1362829066126, 287.83740234375
1362829066160, 285.47479248046875
1362829066194, 278.87921142578125
1362829066227, 276.1415710449219
1362829066260, 273.3819885253906
1362829066293, 272.442138671875
1362829066326, 274.916748046875
1362829066360, 275.81280517578125
1362829066394, 277.9795227050781
1362829066427, 281.9912414550781
1362829066460, 279.7567138671875
1362829066493, 271.05255126953125
1362829066526, 270.50360107421875
1362829066559, 274.6430969238281
1362829066592, 272.9727783203125
1362829066625, 264.05364990234375
1362829066659, 261.7179260253906
1362829066691, 262.7581481933594
1362829066724, 264.9864501953125
1362829066757, 266.0373229980469
1362829066790, 264.7203369140625
1362829066823, 264.64776611328125
1362829066859, 266.4172668457031
1362829066896, 269.1173095703125
1362829066929, 270.1065979003906
1362829066963, 274.37628173828125
1362829066997, 274.37628173828125
1362829067031, 276.154296875
1362829067064, 275.3033142089844
1362829067099, 275.8288879394531
1362829067131, 275.8288879394531
1362829067164, 279.7703857421875
1362829067198, 282.3948059082031
1362829067230, 283.93536376953125
1362829067263, 281.91033935546875
1362829067296, 279.9521179199219
1362829067330, 280.557373046875
1362829067364, 280.0494384765625
1362829067397, 274.8370361328125
1362829067430, 276.2264709472656
1362829067463, 280.72509765625
1362829067496, 277.8599548339844
1362829067529, 273.5126953125
1362829067562, 272.70880126953125
1362829067596, 272.2764892578125
1362829067629, 271.0384216308594
1362829067663, 271.3128356933594
1362829067695, 270.10089111328125
1362829067729, 267.98199462890625
1362829067762, 268.6896057128906
1362829067796, 271.51910400390625
1362829067829, 279.4786682128906
1362829067863, 282.41534423828125
1362829067896, 286.2221374511719
1362829067930, 290.5234375
1362829067963, 288.47576904296875
1362829067997, 285.0064697265625
1362829068030, 279.7226257324219
1362829068064, 276.2386474609375
1362829068098, 272.62579345703125
1362829068132, 271.8752746582031
1362829068165, 270.8994140625
1362829068199, 270.37286376953125
1362829068232, 271.44830322265625
1362829068265, 271.2879638671875
1362829068298, 264.3631286621094
1362829068332, 265.23480224609375
1362829068366, 268.2547302246094
1362829068399, 263.21038818359375
1362829068432, 261.3704528808594
1362829068466, 262.87994384765625
1362829068500, 264.31976318359375
1362829068534, 266.7638854980469
1362829068567, 269.083740234375
1362829068600, 269.6157531738281
1362829068634, 269.1385192871094
1362829068668, 270.451171875
1362829068702, 271.358154296875
1362829068736, 270.32720947265625
1362829068769, 268.20361328125
1362829068802, 267.93603515625
1362829068835, 267.0618896484375
1362829068868, 266.92156982421875
1362829068901, 265.58526611328125
1362829068934, 260.5451965332031
1362829068967, 257.13995361328125
1362829069001, 254.74278259277344
1362829069035, 257.1192932128906
1362829069069, 259.82891845703125
1362829069102, 262.774658203125
1362829069135, 264.91070556640625
1362829069170, 267.3109436035156
1362829069201, 262.35040283203125
1362829069234, 263.14044189453125
1362829069268, 266.19000244140625
1362829069302, 262.7772216796875
1362829069335, 258.60113525390625
1362829069368, 258.28021240234375
1362829069402, 256.706787109375
1362829069435, 255.67727661132813
1362829069468, 258.30633544921875
1362829069502, 260.9118957519531
1362829069535, 261.9096374511719
1362829069568, 263.9143981933594
1362829069601, 268.1088562011719
1362829069634, 273.359130859375
1362829069668, 276.6499938964844
1362829069701, 276.77313232421875
1362829069734, 270.7168273925781
1362829069767, 265.9484558105469
1362829069800, 257.1224365234375
1362829069834, 247.02346801757813
1362829069867, 236.33546447753906
1362829069900, 229.39720153808594
1362829069933, 225.3441162109375
1362829069966, 224.96900939941406
1362829069999, 220.95411682128906
1362829070033, 219.31280517578125
1362829070066, 217.94712829589844
1362829070100, 218.45001220703125
1362829070137, 218.45001220703125
1362829070170, 217.48655700683594
1362829070204, 207.8096466064453
1362829070237, 198.5397186279297
1362829070270, 188.3407745361328
1362829070303, 179.4404296875
1362829070336, 175.05096435546875
1362829070369, 177.1207275390625
1362829070403, 179.046875
1362829070437, 177.82977294921875
1362829070470, 177.06431579589844
1362829070503, 176.1907958984375
1362829070536, 173.0653839111328
1362829070569, 167.827880859375
1362829070603, 165.59832763671875
1362829070636, 167.734375
1362829070669, 168.18679809570313
1362829070702, 162.07542419433594
1362829070735, 160.4989776611328
1362829070768, 158.2724151611328
1362829070801, 155.48626708984375
1362829070835, 154.87640380859375
1362829070868, 150.85484313964844
1362829070901, 147.99313354492188
1362829070935, 147.69210815429688
1362829070968, 153.98532104492188
1362829071001, 154.7137451171875
1362829071037, 152.66244506835938
1362829071070, 154.04335021972656
1362829071103, 153.56520080566406
1362829071136, 152.3383026123047
1362829071170, 152.3383026123047
1362829071203, 153.56045532226563
1362829071236, 153.87132263183594
1362829071269, 153.6658172607422
1362829071302, 152.10755920410156
1362829071337, 147.9784698486328
1362829071370, 147.9784698486328
1362829071403, 144.8530731201172
1362829071437, 139.54806518554688
1362829071471, 138.31747436523438
1362829071504, 140.1942596435547
1362829071537, 142.51036071777344
1362829071570, 140.1907958984375
1362829071604, 139.65708923339844
1362829071638, 140.12486267089844
1362829071671, 139.9017333984375
1362829071704, 139.58908081054688
1362829071737, 138.18865966796875
1362829071770, 135.0731964111328
1362829071803, 129.93438720703125
1362829071836, 129.01112365722656
1362829071870, 131.79637145996094
1362829071903, 127.52836608886719
1362829071937, 132.9445343017578
1362829071970, 143.70285034179688
1362829072003, 149.6866455078125
1362829072036, 152.08778381347656
1362829072069, 151.83670043945313
1362829072103, 150.90870666503906
1362829072136, 150.90870666503906
1362829072170, 148.32435607910156
1362829072205, 147.02008056640625
1362829072240, 144.32809448242188
1362829072273, 145.85568237304688
1362829072306, 144.82736206054688
1362829072340, 143.9503631591797
1362829072373, 147.87530517578125
1362829072406, 150.00448608398438
1362829072439, 147.3017120361328
1362829072472, 147.19261169433594
1362829072505, 145.94107055664063
1362829072538, 144.49990844726563
1362829072572, 144.54168701171875
1362829072605, 139.26620483398438
1362829072638, 137.2964324951172
1362829072671, 137.00677490234375
1362829072705, 139.47715759277344
1362829072738, 141.42591857910156
1362829072772, 139.80316162109375
1362829072808, 137.91600036621094
1362829072841, 137.2068634033203
1362829072874, 135.7372589111328
1362829072907, 136.8275909423828
1362829072940, 141.6669921875
1362829072973, 147.99903869628906
1362829073006, 152.16017150878906
1362829073071, 155.0038299560547
1362829073105, 155.20957946777344
1362829073139, 152.64175415039063
1362829073172, 152.8822479248047
1362829073205, 151.175537109375
1362829073238, 144.4807891845703
1362829073271, 148.19146728515625
1362829073304, 153.68325805664063
1362829073338, 153.9685821533203
1362829073372, 155.11680603027344
1362829073405, 155.97341918945313
1362829073441, 153.2783203125
1362829073474, 152.11705017089844
1362829073507, 149.77734375
1362829073541, 146.84776306152344
1362829073575, 147.7725067138672
1362829073608, 151.3633575439453
1362829073641, 149.87979125976563
1362829073675, 142.1590576171875
1362829073708, 140.51834106445313
1362829073741, 142.92123413085938
1362829073774, 143.9696807861328
1362829073807, 146.41775512695313
1362829073840, 147.57730102539063
1362829073874, 148.4668731689453
1362829073908, 147.96371459960938
1362829073942, 145.0741729736328
1362829073975, 146.14083862304688
1362829074009, 147.1842803955078
1362829074042, 147.1842803955078
1362829074086, 142.74151611328125
1362829074120, 142.74151611328125
1362829074153, 141.58836364746094
1362829074186, 146.9239959716797
1362829074219, 151.23782348632813
1362829074252, 150.4263916015625
1362829074285, 148.2197265625
1362829074319, 146.9876251220703
1362829074353, 145.06390380859375
1362829074388, 138.44837951660156
1362829074421, 138.12216186523438
1362829074454, 137.99583435058594
1362829074487, 138.07827758789063
1362829074520, 138.54917907714844
1362829074554, 139.29537963867188
1362829074588, 144.13705444335938
1362829074621, 150.65206909179688
1362829074655, 153.45123291015625
1362829074688, 152.9478759765625
1362829074721, 151.99476623535156
1362829074754, 150.66188049316406
1362829074787, 150.1292724609375
1362829074821, 151.06777954101563
1362829074854, 149.76255798339844
1362829074890, 146.4538116455078
1362829074924, 144.75762939453125
1362829074957, 146.76809692382813
1362829074990, 148.48574829101563
1362829075024, 150.33596801757813
1362829075057, 152.4141387939453
1362829075091, 153.42396545410156
1362829075124, 153.42396545410156
1362829075158, 151.65106201171875
1362829075192, 149.0513458251953
1362829075225, 143.79322814941406
1362829075259, 140.31784057617188
1362829075292, 136.61349487304688
1362829075326, 133.4492645263672
1362829075360, 132.86753845214844
1362829075393, 128.6707000732422
1362829075427, 127.0003890991211
1362829075460, 133.9219207763672
1362829075495, 142.8675537109375
1362829075529, 148.4696807861328
1362829075562, 150.62937927246094
1362829075596, 152.98681640625
1362829075630, 153.49851989746094
1362829075663, 151.3760223388672
1362829075696, 149.05235290527344
1362829075730, 148.413818359375
1362829075763, 145.0238800048828
1362829075796, 143.78219604492188
1362829075831, 140.7747344970703
1362829075890, 140.7747344970703
1362829075924, 143.7100372314453
1362829075957, 145.57484436035156
1362829075990, 148.21063232421875
1362829076023, 148.9390869140625
1362829076056, 148.245849609375
1362829076090, 147.24691772460938
1362829076124, 144.62173461914063
1362829076157, 140.7127685546875
1362829076190, 135.93411254882813
1362829076224, 137.15138244628906
1362829076257, 139.33702087402344
1362829076290, 135.6357421875
1362829076323, 134.45297241210938
1362829076357, 136.3695068359375
1362829076390, 139.81349182128906
1362829076423, 141.7052459716797
1362829076458, 143.99649047851563
1362829076490, 145.51223754882813
1362829076525, 150.81365966796875
1362829076559, 150.5783233642578
1362829076592, 149.82444763183594
1362829076625, 147.84429931640625
1362829076658, 147.4006805419922
1362829076692, 146.6925048828125
1362829076727, 146.48788452148438
1362829076760, 148.35049438476563
1362829076794, 151.82591247558594
1362829076827, 149.8214874267578
1362829076860, 148.16278076171875
1362829076894, 148.96217346191406
1362829076928, 150.2285614013672
1362829076962, 149.49734497070313
1362829076995, 149.54026794433594
1362829077028, 148.58035278320313
1362829077061, 146.38265991210938
1362829077094, 144.81251525878906
1362829077127, 143.7417755126953
1362829077161, 139.41665649414063
1362829077195, 134.36822509765625
1362829077228, 138.7277069091797
1362829077261, 149.4531707763672
1362829077294, 151.08766174316406
1362829077327, 150.84352111816406
1362829077360, 150.521240234375
1362829077399, 151.2491455078125
1362829077433, 150.14569091796875
1362829077466, 146.7244873046875
1362829077500, 145.24485778808594
1362829077533, 142.76040649414063
1362829077566, 138.77821350097656
1362829077600, 140.81716918945313
1362829077633, 141.39804077148438
1362829077666, 146.14170837402344
1362829077699, 147.1634979248047
1362829077732, 149.08934020996094
1362829077766, 153.5245819091797
1362829077799, 153.21218872070313
1362829077833, 150.6685333251953
1362829077866, 148.7650604248047
1362829077899, 147.4729461669922
1362829077932, 145.2615203857422
1362829077965, 146.04672241210938
1362829077998, 147.1455841064453
1362829078032, 144.8911590576172
1362829078065, 140.2967529296875
1362829078104, 137.1591339111328
1362829078138, 142.36288452148438
1362829078170, 148.3174591064453
1362829078204, 152.25462341308594
1362829078237, 152.16355895996094
1362829078270, 152.99652099609375
1362829078303, 150.129150390625
1362829078336, 146.017333984375
1362829078370, 143.0203399658203
1362829078402, 137.07278442382813
1362829078435, 133.59104919433594
1362829078469, 134.17723083496094
1362829078502, 137.38375854492188
1362829078538, 147.8485870361328
1362829078572, 150.2224884033203
1362829078605, 147.55148315429688
1362829078639, 145.71620178222656
1362829078672, 145.81520080566406
1362829078705, 146.0046844482422
1362829078739, 144.56427001953125
1362829078772, 142.5772247314453
1362829078821, 141.2658233642578
1362829078854, 138.3759002685547
1362829078888, 140.15985107421875
1362829078929, 139.29873657226563
1362829078962, 136.9508056640625
1362829078996, 146.94630432128906
1362829079029, 148.91738891601563
1362829079063, 146.7401885986328
1362829079096, 146.23434448242188
1362829079130, 146.23434448242188
1362829079163, 147.97808837890625
1362829079196, 147.1951141357422
1362829079229, 145.64932250976563
1362829079262, 143.8094482421875
1362829079295, 140.13978576660156
1362829079328, 138.8668975830078
1362829079361, 135.2053680419922
1362829079394, 134.78648376464844
1362829079427, 140.24534606933594
1362829079461, 144.20811462402344
1362829079494, 144.62081909179688
1362829079527, 144.70082092285156
1362829079560, 143.51907348632813
1362829079593, 141.25216674804688
1362829079626, 138.82144165039063
1362829079659, 137.12973022460938
1362829079692, 134.3965606689453
1362829079726, 133.48434448242188
1362829079759, 131.2860107421875
1362829079792, 127.54202270507813
1362829079825, 129.81640625
1362829079858, 136.3601531982422
1362829079893, 139.22357177734375
1362829079925, 142.64675903320313
1362829079958, 144.82943725585938
1362829079991, 146.7421417236328
1362829080025, 146.83250427246094
1362829080059, 146.7149200439453
1362829080091, 145.37718200683594
1362829080124, 143.75279235839844
1362829080158, 144.9125518798828
1362829080194, 149.32481384277344
1362829080227, 150.27891540527344
1362829080260, 151.8413543701172
1362829080293, 148.97512817382813
1362829080326, 142.19374084472656
1362829080359, 140.2797393798828
1362829080392, 138.36595153808594
1362829080425, 138.30035400390625
1362829080459, 138.77935791015625
1362829080492, 137.89926147460938
1362829080526, 137.6032257080078
1362829080559, 135.86570739746094
1362829080593, 137.09432983398438
1362829080626, 136.98377990722656
1362829080660, 130.48011779785156
1362829080694, 130.0229949951172
1362829080728, 141.25738525390625
1362829080762, 146.0785369873047
1362829080796, 145.8379669189453
1362829080830, 145.6486053466797
1362829080863, 145.7305145263672
1362829080896, 144.6404266357422
1362829080929, 141.5702362060547
1362829080962, 138.90914916992188
1362829080995, 137.44839477539063
1362829081029, 138.95973205566406
1362829081062, 138.74913024902344
1362829081096, 134.94728088378906
1362829081129, 136.68695068359375
1362829081163, 135.29258728027344
1362829081196, 134.42730712890625
1362829081230, 136.1125946044922
1362829081264, 135.2672576904297
1362829081298, 134.2667694091797
1362829081331, 132.90725708007813
1362829081364, 131.86700439453125
1362829081397, 130.19796752929688
1362829081431, 129.45941162109375
1362829081464, 131.56846618652344
1362829081498, 128.52023315429688
1362829081531, 127.3857192993164
1362829081564, 127.22924041748047
1362829081598, 138.6929931640625
1362829081631, 139.95704650878906
1362829081680, 139.95704650878906
1362829081713, 147.9073944091797
1362829081747, 149.4087371826172
1362829081781, 145.29371643066406
1362829081814, 142.90182495117188
1362829081847, 139.3007049560547
1362829081880, 136.94381713867188
1362829081913, 134.3365020751953
1362829081946, 133.1607208251953
1362829081979, 137.14707946777344
1362829082012, 133.77084350585938
1362829082046, 132.25193786621094
1362829082082, 135.0300750732422
1362829082115, 135.4974822998047
1362829082148, 133.54833984375
1362829082181, 131.9700927734375
1362829082215, 130.3809356689453
1362829082249, 127.64447784423828
1362829082282, 126.15388488769531
1362829082315, 125.57522583007813
1362829082349, 122.53837585449219
1362829082382, 118.36309814453125
1362829082415, 122.0428466796875
1362829082448, 133.2771759033203
1362829082482, 135.66839599609375
1362829082515, 141.8191375732422
1362829082548, 142.53953552246094
1362829082582, 142.0389404296875
1362829082616, 138.57528686523438
1362829082649, 133.29266357421875
1362829082683, 131.78036499023438
1362829082716, 131.08506774902344
1362829082752, 130.86509704589844
1362829082785, 130.86509704589844
1362829082818, 125.216796875
1362829082851, 128.32891845703125
1362829082884, 128.59429931640625
1362829082917, 130.2504119873047
1362829082950, 132.1277618408203
1362829082983, 133.51222229003906
1362829083016, 133.68072509765625
1362829083049, 132.02267456054688
1362829083083, 130.57655334472656
1362829083118, 130.11109924316406
1362829083152, 124.88704681396484
1362829083185, 125.1661376953125
1362829083219, 120.40828704833984
1362829083252, 113.27737426757813
1362829083285, 121.39073944091797
1362829083319, 129.3961944580078
1362829083356, 131.48922729492188
1362829083389, 135.7557830810547
1362829083422, 136.05381774902344
1362829083457, 133.56423950195313
1362829083491, 130.92359924316406
1362829083525, 129.3577423095703
1362829083558, 127.62272644042969
1362829083591, 129.7025146484375
1362829083625, 133.49951171875
1362829083658, 132.30926513671875
1362829083691, 133.0469207763672
1362829083724, 132.72073364257813
1362829083760, 131.2989044189453
1362829083793, 136.54534912109375
1362829083827, 136.6018829345703
1362829083861, 134.82257080078125
1362829083894, 133.5070343017578
1362829083927, 131.84022521972656
1362829083961, 128.9685516357422
1362829083998, 126.93208312988281
1362829084033, 126.12791442871094
1362829084066, 125.18429565429688
1362829084111, 125.18429565429688
1362829084148, 125.18429565429688
1362829084180, 122.62479400634766
1362829084213, 126.124755859375
1362829084246, 129.7386932373047
1362829084279, 131.337890625
1362829084312, 132.782958984375
1362829084345, 132.4544677734375
1362829084379, 131.2706298828125
1362829084414, 131.2706298828125
1362829084447, 128.42393493652344
1362829084480, 129.3770294189453
1362829084513, 125.74837493896484
1362829084546, 127.82140350341797
1362829084586, 127.61228942871094
1362829084622, 128.8214111328125
1362829084655, 133.90350341796875
1362829084689, 134.40469360351563
1362829084723, 133.64442443847656
1362829084755, 135.20968627929688
1362829084789, 134.949462890625
1362829084823, 131.64610290527344
1362829084856, 132.00204467773438
1362829084890, 133.9230194091797
1362829084924, 129.16290283203125
1362829084957, 125.70265197753906
1362829084990, 132.7229766845703
1362829085024, 137.6292724609375
1362829085057, 140.6436004638672
1362829085096, 143.03993225097656
1362829085129, 143.9913330078125
1362829085163, 146.0733184814453
1362829085196, 145.7859344482422
1362829085230, 146.59193420410156
1362829085264, 148.80247497558594
1362829085297, 148.94110107421875
1362829085330, 151.8462677001953
1362829085363, 144.57005310058594
1362829085396, 138.88856506347656
1362829085429, 141.2881622314453
1362829085462, 141.57577514648438
1362829085495, 144.16677856445313
1362829085528, 147.7733154296875
1362829085561, 151.1765594482422
1362829085594, 154.40664672851563
1362829085629, 155.14732360839844
1362829085663, 155.91966247558594
1362829085697, 154.51136779785156
1362829085731, 154.912841796875
1362829085764, 161.03634643554688
1362829085797, 163.90843200683594
1362829085830, 169.81378173828125
1362829085863, 181.52769470214844
1362829085897, 186.78346252441406
1362829085930, 190.76145935058594
1362829085965, 193.04884338378906
1362829085998, 190.5346221923828
1362829086032, 190.7310333251953
1362829086065, 197.40269470214844
1362829086099, 201.2316436767578
1362829086137, 201.54086303710938
1362829086170, 208.85328674316406
1362829086203, 213.80252075195313
1362829086237, 212.77978515625
1362829086270, 214.0825958251953
1362829086304, 214.74774169921875
1362829086338, 223.72943115234375
1362829086371, 225.44882202148438
1362829086404, 221.94406127929688
1362829086437, 228.4033203125
1362829086470, 233.88540649414063
1362829086506, 236.61595153808594
1362829086540, 238.9520263671875
1362829086573, 244.0475616455078
1362829086606, 244.0475616455078
1362829086640, 242.15826416015625
1362829086674, 239.71035766601563
1362829086708, 240.521728515625
1362829086745, 242.07318115234375
1362829086779, 235.02932739257813
1362829086813, 233.1392364501953
1362829086846, 229.9488525390625
1362829086879, 232.66769409179688
1362829086912, 242.44358825683594
1362829086945, 249.2879180908203
1362829086978, 250.30340576171875
1362829087015, 251.05023193359375
1362829087048, 255.29074096679688
1362829087082, 259.10064697265625
1362829087115, 261.319580078125
1362829087148, 261.6573181152344
1362829087181, 257.00213623046875
1362829087215, 251.86700439453125
1362829087248, 248.07296752929688
1362829087281, 240.2227020263672
1362829087314, 236.8677978515625
1362829087347, 239.10833740234375
1362829087381, 244.2017059326172
1362829087428, 247.29833984375
1362829087462, 252.44158935546875
1362829087495, 254.4089813232422
1362829087528, 257.5015869140625
1362829087561, 265.4864501953125
1362829087595, 266.77044677734375
1362829087628, 262.83111572265625
1362829087661, 255.46023559570313
1362829087695, 249.24972534179688
1362829087728, 242.73501586914063
1362829087765, 243.49612426757813
1362829087798, 248.07615661621094
1362829087831, 249.78819274902344
1362829087865, 252.13368225097656
1362829087897, 260.427001953125
1362829087930, 262.9842834472656
1362829087964, 257.6030578613281
1362829087997, 256.8680114746094
1362829088031, 260.010986328125
1362829088066, 260.3808898925781
1362829088099, 260.6361999511719
1362829088133, 259.6044921875
1362829088166, 252.27542114257813
1362829088199, 245.1651611328125
1362829088232, 248.32101440429688
1362829088265, 251.20741271972656
1362829088299, 256.79443359375
1362829088332, 258.5833435058594
1362829088365, 258.8597106933594
1362829088398, 257.9405212402344
1362829088432, 262.2470703125
1362829088465, 266.6083984375
1362829088499, 262.8172607421875
1362829088531, 257.9691162109375
1362829088565, 257.5259094238281
1362829088598, 257.2217712402344
1362829088632, 255.7819061279297
1362829088665, 256.08892822265625
1362829088698, 257.8782958984375
1362829088732, 259.48468017578125
1362829088765, 263.6201171875
1362829088799, 265.8619079589844
1362829088832, 266.5045166015625
1362829088866, 269.5361328125
1362829088917, 270.53717041015625
1362829088950, 261.8197021484375
1362829088983, 261.7602233886719
1362829089017, 260.9189758300781
1362829089051, 257.9140625
1362829089148, 255.51638793945313
1362829089188, 255.51638793945313
1362829089235, 255.51638793945313
1362829089269, 258.6911315917969
1362829089303, 263.820068359375
1362829089336, 270.6963806152344
1362829089369, 268.6544189453125
1362829089403, 266.81048583984375
1362829089437, 271.7942810058594
1362829089470, 269.341796875
1362829089503, 263.46966552734375
1362829089536, 258.0185546875
1362829089569, 256.1400451660156
1362829089603, 256.0634765625
1362829089636, 256.9526672363281
1362829089669, 265.5333557128906
1362829089702, 272.7804260253906
1362829089735, 274.4955139160156
1362829089768, 277.6325378417969
1362829089802, 275.1662292480469
1362829089835, 273.28863525390625
1362829089869, 274.60430908203125
1362829089903, 273.5566101074219
1362829089936, 273.6800231933594
1362829089969, 278.5146484375
1362829090002, 280.40423583984375
1362829090035, 277.48248291015625
1362829090068, 274.5887451171875
1362829090101, 277.7908630371094
1362829090135, 279.57061767578125
1362829090167, 279.76959228515625
1362829090200, 282.15167236328125
1362829090233, 282.7488098144531
1362829090266, 283.6385498046875
1362829090299, 286.3429870605469
1362829090332, 290.310546875
1362829090365, 293.7299499511719
1362829090398, 296.91937255859375
1362829090432, 299.52874755859375
1362829090466, 303.2518005371094
1362829090499, 310.2021179199219
1362829090532, 315.4635009765625
1362829090565, 323.10699462890625
1362829090598, 327.57568359375
1362829090631, 336.7221984863281
1362829090664, 347.7730712890625
1362829090697, 354.5176086425781
1362829090731, 355.78619384765625
1362829090765, 2.3258554935455322
1362829090798, 5.320771217346191
1362829090831, 7.238651752471924
1362829090865, 12.914347648620605
1362829090899, 15.780472755432129
1362829090933, 16.947172164916992
1362829090967, 19.63048553466797
1362829091000, 20.472448348999023
1362829091033, 20.438491821289063
1362829091066, 22.02690887451172
1362829091101, 23.60408592224121
1362829091135, 24.074979782104492
1362829091169, 24.074979782104492
1362829091203, 32.35145950317383
1362829091236, 34.62758255004883
1362829091270, 35.65940856933594
1362829091303, 38.32526779174805
1362829091336, 40.65209197998047
1362829091369, 40.10320281982422
1362829091403, 38.711753845214844
1362829091436, 37.86660385131836
1362829091469, 38.192203521728516
1362829091503, 38.771060943603516
1362829091536, 37.888587951660156
1362829091569, 35.464630126953125
1362829091603, 36.08460998535156
1362829091636, 38.742210388183594
1362829091669, 42.20838165283203
1362829091702, 43.80739974975586
1362829091735, 46.070377349853516
1362829091768, 50.80640411376953
1362829091801, 55.45766830444336
1362829091834, 62.29591751098633
1362829091867, 59.47742462158203
1362829091900, 65.58197784423828
1362829091933, 67.50482177734375
1362829091966, 65.42736053466797
1362829092000, 57.0823860168457
1362829092033, 46.52127456665039
1362829092068, 36.634090423583984
1362829092101, 34.77840805053711
1362829092134, 32.5921745300293
1362829092168, 24.279455184936523
1362829092201, 18.680627822875977
1362829092234, 9.95993709564209
1362829092268, 6.924333572387695
1362829092301, 1.1367284059524536
1362829092334, 345.8759460449219
1362829092367, 340.8918762207031
1362829092400, 348.73333740234375
1362829092433, 16.393417358398438
1362829092466, 22.340164184570313
1362829092499, 24.505699157714844
1362829092532, 29.85995101928711
1362829092565, 19.42879295349121
1362829092598, 1.0401735305786133
1362829092631, 1.8102974891662598
1362829092664, 12.129598617553711
1362829092697, 13.667767524719238
1362829092730, 17.47827911376953
1362829092763, 20.0851993560791
1362829092796, 23.713899612426758
1362829092830, 32.17350769042969
1362829092863, 43.13768768310547
1362829092896, 46.06082534790039
1362829092929, 46.83342742919922
1362829092962, 46.90028381347656
1362829092995, 48.46963119506836
1362829093029, 54.52027130126953
1362829093062, 58.977012634277344
1362829093095, 58.79701614379883
1362829093128, 57.41779327392578
1362829093161, 56.29982376098633
1362829093194, 58.45949935913086
1362829093227, 61.180206298828125
1362829093260, 59.239925384521484
1362829093293, 54.579952239990234
1362829093327, 46.77709197998047
1362829093361, 43.02886962890625
1362829093394, 38.93109130859375
1362829093428, 34.771270751953125
1362829093461, 33.7802848815918
1362829093494, 28.908100128173828
1362829093528, 26.94618797302246
1362829093562, 28.8184814453125
1362829093646, 28.8184814453125
1362829093679, 46.42528533935547
1362829093713, 48.144622802734375
1362829093746, 49.94535827636719
1362829093779, 44.01433563232422
1362829093813, 39.091617584228516
1362829093846, 42.35063934326172
1362829093879, 47.269962310791016
1362829093912, 49.21348571777344
1362829093947, 50.00503158569336
1362829093978, 50.7032356262207
1362829094012, 52.041725158691406
1362829094045, 55.531494140625
1362829094078, 57.04447555541992
1362829094111, 62.03179931640625
1362829094145, 67.64342498779297
1362829094178, 72.09049987792969
1362829094211, 75.19747924804688
1362829094245, 74.81580352783203
1362829094278, 75.24816131591797
1362829094311, 73.4212417602539
1362829094344, 70.543701171875
1362829094377, 63.305084228515625
1362829094410, 58.6164436340332
1362829094443, 51.22105407714844
1362829094476, 45.304595947265625
1362829094510, 40.738765716552734
1362829094543, 39.62544631958008
1362829094576, 40.72652053833008
1362829094609, 43.59961700439453
1362829094642, 46.81804275512695
1362829094676, 45.37681579589844
1362829094709, 42.608219146728516
1362829094743, 41.574615478515625
1362829094776, 41.159034729003906
1362829094809, 38.4702262878418
1362829094843, 34.87797164916992
1362829094876, 29.461315155029297
1362829094909, 26.946521759033203
1362829094942, 23.801376342773438
1362829094975, 22.99754524230957
1362829095008, 20.755441665649414
1362829095042, 14.865884780883789
1362829095076, 10.328922271728516
1362829095109, 6.49487829208374
1362829095142, 357.4331359863281
1362829095175, 351.6414794921875
1362829095208, 353.26708984375
1362829095241, 356.08831787109375
1362829095274, 359.912353515625
1362829095308, 3.8613805770874023
1362829095342, 5.602370738983154
1362829095375, 7.561394214630127
1362829095408, 9.035597801208496
1362829095442, 9.886390686035156
1362829095476, 12.953463554382324
1362829095509, 16.18914794921875
1362829095543, 16.145036697387695
1362829095577, 18.90764045715332
1362829095610, 27.873165130615234
1362829095643, 31.15639305114746
1362829095677, 29.2579288482666
1362829095711, 29.037927627563477
1362829095745, 29.170644760131836
1362829095777, 30.378732681274414
1362829095810, 29.17904281616211
1362829095843, 26.747507095336914
1362829095876, 23.13844108581543
1362829095909, 18.546356201171875
1362829095942, 16.153959274291992
1362829095975, 11.655359268188477
1362829096008, 5.323903560638428
1362829096041, 8.071470260620117
1362829096076, 11.613824844360352
1362829096141, 11.613824844360352
1362829096175, 14.908581733703613
1362829096208, 24.533733367919922
1362829096241, 29.297683715820313
1362829096274, 32.74240493774414
1362829096307, 37.08237838745117
1362829096341, 44.52888488769531
1362829096374, 44.4441032409668
1362829096407, 39.62715530395508
1362829096440, 26.84532928466797
1362829096474, 25.23923110961914
1362829096508, 31.158798217773438
1362829096541, 40.90031814575195
1362829096574, 44.28388214111328
1362829096608, 49.803306579589844
1362829096642, 53.48851776123047
1362829096675, 54.25178527832031
1362829096708, 52.131202697753906
1362829096741, 48.66899871826172
1362829096774, 46.914588928222656
1362829096807, 43.802188873291016
1362829096841, 39.938926696777344
1362829096874, 37.987606048583984
1362829096908, 37.973907470703125
1362829096941, 40.33586883544922
1362829096974, 42.13722610473633
1362829097007, 54.995460510253906
1362829097040, 69.52325439453125
1362829097074, 73.12520599365234
1362829097107, 71.85531616210938
1362829097140, 78.63092803955078
1362829097173, 78.60892486572266
1362829097206, 75.74928283691406
1362829097239, 71.64276885986328
1362829097272, 69.95732879638672
1362829097305, 71.02547454833984
1362829097338, 72.26668548583984
1362829097371, 72.63135528564453
1362829097404, 73.04634094238281
1362829097437, 73.69684600830078
1362829097470, 76.2125473022461
1362829097503, 76.82572937011719
1362829097537, 74.93660736083984
1362829097570, 72.23538208007813
1362829097605, 66.82548522949219
1362829097639, 60.83041000366211
1362829097672, 55.849037170410156
1362829097706, 50.34307861328125
1362829097739, 48.38945007324219
1362829097772, 41.9317512512207
1362829097805, 38.948509216308594
1362829097839, 30.625732421875
1362829097872, 7.582158088684082
1362829097907, 355.5894470214844
1362829097941, 359.31951904296875
1362829097974, 10.275609016418457
1362829098007, 21.447866439819336
1362829098040, 34.65168762207031
1362829098073, 44.28888702392578
1362829098106, 72.14097595214844
1362829098139, 90.82630920410156
1362829098172, 107.44650268554688
1362829098205, 117.05696105957031
1362829098238, 119.64005279541016
1362829098271, 119.37796783447266
1362829098304, 115.45112609863281
1362829098337, 108.5028305053711
1362829098370, 144.0785369873047
1362829098404, 140.41542053222656
1362829098438, 326.62890625
1362829098472, 303.56158447265625
1362829098505, 301.1229553222656
1362829098539, 300.74163818359375
1362829098575, 301.47967529296875
1362829098609, 301.47967529296875
1362829098645, 293.66741943359375
1362829098679, 292.1945495605469
1362829098711, 292.3238525390625
1362829098744, 241.66458129882813
1362829098777, 152.66305541992188
1362829098811, 148.21926879882813
1362829098845, 152.04339599609375
1362829098878, 158.0038604736328
1362829098912, 163.6461639404297
1362829098946, 165.96246337890625
1362829098979, 157.11221313476563
1362829099012, 151.82693481445313
1362829099046, 148.8485870361328
1362829099083, 149.85609436035156
1362829099116, 150.12564086914063
1362829099149, 151.3917999267578
1362829099182, 163.43763732910156
1362829099216, 184.3059844970703
1362829099249, 293.21856689453125
1362829099282, 303.0533447265625
1362829099315, 316.1241149902344
1362829099349, 319.63470458984375
1362829099382, 158.2624969482422
1362829099415, 158.1221466064453
1362829099448, 162.9391632080078
1362829099481, 165.1324462890625
1362829099514, 164.73919677734375
1362829099547, 165.9512176513672
1362829099581, 165.5552978515625
1362829099615, 158.03868103027344
1362829099648, 153.2046356201172
1362829099681, 150.80096435546875
1362829099714, 150.48045349121094
1362829099748, 152.7578582763672
1362829099781, 173.32240295410156
1362829099814, 303.7913818359375
1362829099847, 299.8890075683594
1362829099881, 298.0436706542969
1362829099914, 306.9935607910156
1362829099948, 319.82757568359375
1362829099982, 320.4700622558594
1362829100015, 315.8638916015625
1362829100049, 132.8638153076172
1362829100083, 137.56292724609375
1362829100117, 139.91476440429688
1362829100150, 144.141357421875
1362829100183, 140.5221405029297
1362829100216, 136.96359252929688
1362829100249, 133.7762908935547
1362829100282, 134.7276153564453
1362829100315, 134.52853393554688
1362829100348, 133.44493103027344
1362829100381, 124.19966888427734
1362829100415, 324.1526794433594
1362829100449, 306.41546630859375
1362829100482, 305.7915954589844
1362829100516, 307.7363586425781
1362829100549, 312.5013427734375
1362829100582, 320.85821533203125
1362829100616, 350.3874816894531
1362829100650, 129.29583740234375
1362829100684, 140.6281280517578
1362829100717, 145.97171020507813
1362829100750, 142.3490753173828
1362829100784, 142.38729858398438
1362829100816, 147.38330078125
1362829100851, 148.47425842285156
1362829100884, 154.78057861328125
1362829100917, 153.47865295410156
1362829100951, 156.7588653564453
1362829100984, 162.56851196289063
1362829101017, 160.40313720703125
1362829101050, 80.90328979492188
1362829101085, 32.57598876953125
1362829101118, 356.27081298828125
1362829101151, 356.27081298828125
1362829101185, 356.27081298828125
1362829101218, 356.27081298828125
1362829101251, 287.2590026855469
1362829101284, 284.00750732421875
1362829101317, 283.5204772949219
1362829101350, 168.02394104003906
1362829101383, 167.18190002441406
1362829101417, 175.9805908203125
1362829101450, 186.80661010742188
1362829101483, 193.22805786132813
1362829101516, 206.1427001953125
1362829101549, 214.0520477294922
1362829101582, 214.87818908691406
1362829101615, 229.55856323242188
1362829101648, 199.2487335205078
1362829101681, 201.4847412109375
1362829101714, 216.71652221679688
1362829101747, 281.44671630859375
1362829101781, 301.2093505859375
1362829101815, 291.4471130371094
1362829101848, 288.4134216308594
1362829101882, 288.3537292480469
1362829101916, 294.7927551269531
1362829101949, 299.187744140625
1362829101982, 220.95108032226563
1362829102016, 198.21791076660156
1362829102049, 194.14991760253906
1362829102082, 193.99728393554688
1362829102116, 194.37423706054688
1362829102150, 190.96188354492188
1362829102183, 189.962646484375
1362829102218, 188.58270263671875
1362829102251, 190.20443725585938
1362829102284, 185.4920196533203
1362829102317, 189.66510009765625
1362829102350, 185.93914794921875
1362829102383, 196.3530731201172
1362829102417, 224.66281127929688
1362829102450, 291.12744140625
1362829102484, 296.76483154296875
1362829102517, 293.4121398925781
1362829102550, 283.5081787109375
1362829102584, 258.96728515625
1362829102617, 214.7898712158203
1362829102650, 199.015869140625
1362829102684, 190.3362274169922
1362829102717, 186.3888397216797
1362829102751, 186.4019317626953
1362829102784, 188.01951599121094
1362829102818, 188.302490234375
1362829102851, 187.23851013183594
1362829102885, 186.04275512695313
1362829102918, 184.80551147460938
1362829102955, 183.6985321044922
1362829102989, 185.34384155273438
1362829103023, 187.20384216308594
1362829103056, 189.24526977539063
1362829103089, 194.47023010253906
1362829103122, 232.55853271484375
1362829103155, 276.73529052734375
1362829103188, 280.2944641113281
1362829103221, 273.36700439453125
1362829103254, 262.32537841796875
1362829103288, 252.67120361328125
1362829103321, 216.0762939453125
1362829103355, 198.7522430419922
1362829103388, 182.81838989257813
1362829103422, 176.73812866210938
1362829103456, 175.14659118652344
1362829103490, 176.00314331054688
1362829103523, 179.1588897705078
1362829103556, 179.45941162109375
1362829103589, 181.7254180908203
1362829103624, 180.95120239257813
1362829103658, 180.95120239257813
1362829103691, 181.43824768066406
1362829103724, 181.43824768066406
1362829103757, 188.70159912109375
1362829103791, 190.0203399658203
1362829103824, 182.91220092773438
1362829103858, 175.3007354736328
1362829103891, 170.70858764648438
1362829103924, 166.66403198242188
1362829103957, 162.82986450195313
1362829103991, 166.66360473632813
1362829104024, 185.2845001220703
1362829104057, 206.96324157714844
1362829104090, 222.6362762451172
1362829104123, 278.0851745605469
1362829104157, 278.0851745605469
1362829104190, 308.9776611328125
1362829104224, 321.64190673828125
1362829104257, 322.2032775878906
1362829104294, 320.6520080566406
1362829104327, 306.54327392578125
1362829104360, 274.89569091796875
1362829104394, 206.6305389404297
1362829104427, 196.94398498535156
1362829104460, 202.1689910888672
1362829104493, 208.85853576660156
1362829104526, 209.1247100830078
1362829104560, 206.37937927246094
1362829104593, 201.79298400878906
1362829104626, 195.79580688476563
1362829104660, 189.11595153808594
1362829104693, 184.01795959472656
1362829104727, 177.3599395751953
1362829104760, 172.65362548828125
1362829104794, 165.02224731445313
1362829104827, 159.25363159179688
1362829104860, 157.4571075439453
1362829104893, 159.0260009765625
1362829104926, 147.28187561035156
1362829104960, 124.117431640625
1362829104993, 44.55600357055664
1362829105027, 13.366683006286621
1362829105060, 10.395472526550293
1362829105093, 18.009572982788086
1362829105126, 38.04546356201172
1362829105160, 48.74302291870117
1362829105193, 59.152095794677734
1362829105227, 78.91568756103516
1362829105260, 96.90680694580078
1362829105293, 115.1484375
1362829105326, 134.01905822753906
1362829105359, 153.33770751953125
1362829105393, 166.0531768798828
1362829105427, 186.98825073242188
1362829105460, 191.25523376464844
1362829105494, 190.08229064941406
1362829105527, 184.1566619873047
1362829105560, 179.1490020751953
1362829105593, 172.2133331298828
1362829105626, 167.09954833984375
1362829105660, 162.900146484375
1362829105708, 160.0362548828125
1362829105741, 157.05458068847656
1362829105774, 157.57943725585938
1362829105807, 161.76524353027344
1362829105841, 173.94163513183594
1362829105874, 186.21331787109375
1362829105907, 83.43729400634766
1362829105941, 28.71823501586914
1362829105974, 21.677682876586914
1362829106007, 15.08976936340332
1362829106040, 11.518159866333008
1362829106073, 10.486927032470703
1362829106106, 8.297225952148438
1362829106139, 8.442654609680176
1362829106172, 11.410616874694824
1362829106207, 11.410616874694824
1362829106240, 23.739521026611328
1362829106273, 62.122196197509766
1362829106306, 107.18858337402344
1362829106339, 146.78224182128906
1362829106372, 166.77252197265625
1362829106405, 175.12173461914063
1362829106439, 174.61082458496094
1362829106472, 171.7052764892578
1362829106505, 168.48272705078125
1362829106539, 164.68844604492188
1362829106572, 161.65274047851563
1362829106605, 158.31861877441406
1362829106638, 153.45281982421875
1362829106674, 140.26422119140625
1362829106708, 115.41687774658203
1362829106740, 89.69090270996094
1362829106774, 59.00889587402344
1362829106807, 26.999502182006836
1362829106841, 29.661588668823242
1362829106874, 32.372459411621094
1362829106907, 35.66240310668945
1362829106940, 34.791263580322266
1362829106974, 36.578330993652344
1362829107007, 39.269168853759766
1362829107040, 44.08638381958008
1362829107073, 43.73949432373047
1362829107106, 36.05727767944336
1362829107140, 36.05727767944336
1362829107174, 35.56673812866211
1362829107207, 45.26939010620117
1362829107240, 106.40818786621094
1362829107273, 136.54776000976563
1362829107306, 152.00047302246094
1362829107339, 159.8650360107422
1362829107373, 162.01095581054688
1362829107406, 160.84141540527344
1362829107440, 154.38401794433594
1362829107473, 145.88204956054688
1362829107506, 140.5164031982422
1362829107539, 134.20594787597656
1362829107573, 133.99075317382813
1362829107606, 134.4407196044922
1362829107640, 136.1831817626953
1362829107674, 136.91412353515625
1362829107708, 134.38992309570313
1362829107742, 130.81251525878906
1362829107775, 125.29136657714844
1362829107808, 114.7321548461914
1362829107842, 105.37358856201172
1362829107876, 99.12659454345703
1362829107910, 98.39366149902344
1362829107942, 100.62591552734375
1362829107975, 103.34254455566406
1362829108011, 107.02018737792969
1362829108045, 109.33084869384766
1362829108082, 114.10725402832031
1362829108116, 114.59735107421875
1362829108148, 117.36890411376953
1362829108182, 133.0970458984375
1362829108215, 148.2491455078125
1362829108248, 154.4401397705078
1362829108281, 159.68687438964844
1362829108314, 165.47811889648438
1362829108348, 166.30276489257813
1362829108382, 168.09091186523438
1362829108416, 166.97410583496094
1362829108449, 165.76913452148438
1362829108483, 163.3137664794922
1362829108517, 161.3432159423828
1362829108550, 160.91941833496094
1362829108584, 159.55789184570313
1362829108618, 156.47447204589844
1362829108650, 151.6204833984375
1362829108683, 151.6204833984375
1362829108717, 146.955322265625
1362829108750, 143.03912353515625
1362829108783, 143.03912353515625
1362829108818, 118.94658660888672
1362829108852, 67.44623565673828
1362829108885, 42.70071029663086
1362829108920, 31.01801109313965
1362829108954, 60.9744873046875
1362829108987, 75.57199096679688
1362829109022, 108.56102752685547
1362829109055, 153.30519104003906
1362829109088, 165.4247283935547
1362829109122, 177.63540649414063
1362829109155, 186.4178924560547
1362829109188, 193.28878784179688
1362829109221, 195.68972778320313
1362829109254, 196.42416381835938
1362829109287, 196.12979125976563
1362829109320, 189.4183349609375
1362829109353, 177.1818389892578
1362829109386, 168.14700317382813
1362829109419, 163.3462371826172
1362829109452, 162.3171844482422
1362829109486, 156.19297790527344
1362829109519, 148.49264526367188
1362829109552, 138.0672607421875
1362829109585, 129.0377655029297
1362829109618, 109.06887817382813
1362829109652, 70.9113540649414
1362829109685, 45.54666519165039
1362829109719, 27.22220802307129
1362829109752, 21.848772048950195
1362829109786, 19.960243225097656
1362829109819, 19.685266494750977
1362829109852, 19.969572067260742
1362829109886, 25.22461700439453
1362829109919, 30.00642204284668
1362829109952, 36.98876190185547
1362829109985, 53.1671142578125
1362829110018, 90.53278350830078
1362829110052, 111.33393096923828
1362829110104, 134.8770294189453
1362829110131, 145.15576171875
1362829110164, 159.1156005859375
1362829110198, 162.0437469482422
1362829110231, 174.50656127929688
1362829110264, 178.5345916748047
1362829110297, 181.8509521484375
1362829110330, 182.37753295898438
1362829110364, 178.33399963378906
1362829110397, 169.80519104003906
1362829110430, 167.20907592773438
1362829110463, 169.43234252929688
1362829110497, 169.49729919433594
1362829110530, 168.5298309326172
1362829110563, 165.96841430664063
1362829110597, 161.677978515625
1362829110631, 161.677978515625
1362829110668, 140.73301696777344
1362829110701, 125.71333312988281
1362829110734, 107.07475280761719
1362829110768, 92.02764892578125
1362829110802, 82.57708740234375
1362829110836, 69.54570770263672
1362829110869, 61.47896957397461
1362829110902, 54.15767288208008
1362829110935, 52.51110076904297
1362829110968, 49.771636962890625
1362829111001, 48.74620056152344
1362829111034, 48.708683013916016
1362829111068, 48.533321380615234
1362829111101, 50.02633285522461
1362829111134, 50.6622200012207
1362829111167, 56.3029899597168
1362829111200, 64.01779174804688
1362829111234, 66.97049713134766
1362829111267, 83.02195739746094
1362829111300, 94.50481414794922
1362829111333, 106.91925048828125
1362829111366, 115.7278060913086
1362829111400, 124.56230163574219
1362829111434, 127.11121368408203
1362829111467, 131.6919708251953
1362829111500, 133.05728149414063
1362829111533, 131.6390838623047
1362829111566, 129.9377899169922
1362829111599, 123.744873046875
1362829111632, 116.59304809570313
1362829111666, 107.3533935546875
1362829111699, 96.53386688232422
1362829111732, 87.39173889160156
1362829111765, 77.74080657958984
1362829111798, 67.96701049804688
1362829111832, 58.12523651123047
1362829111866, 49.249420166015625
1362829111899, 40.60355758666992
1362829111932, 35.21225357055664
1362829111967, 31.236385345458984
1362829112002, 27.451904296875
1362829112035, 27.505266189575195
1362829112068, 28.541393280029297
1362829112101, 32.004940032958984
1362829112135, 35.18151092529297
1362829112170, 36.16205978393555
1362829112204, 38.37918472290039
1362829112238, 40.698944091796875
1362829112271, 41.26033020019531
1362829112304, 44.12165832519531
1362829112337, 48.93288803100586
1362829112371, 57.61344528198242
1362829112404, 69.0259780883789
1362829112437, 87.80963134765625
1362829112471, 98.92701721191406
1362829112504, 104.9820327758789
1362829112537, 106.8103256225586
1362829112570, 105.35934448242188
1362829112604, 102.88675689697266
1362829112638, 102.22370147705078
1362829112672, 101.43374633789063
1362829112705, 105.41557312011719
1362829112738, 110.28985595703125
1362829112771, 113.13539123535156
1362829112804, 111.34590911865234
1362829112838, 103.22083282470703
1362829112871, 92.49182891845703
1362829112904, 80.9000244140625
1362829112938, 64.9294204711914
1362829112971, 55.798255920410156
1362829113004, 53.51960754394531
1362829113037, 54.25645446777344
1362829113082, 55.889835357666016
1362829113115, 55.01808547973633
1362829113149, 55.01808547973633
1362829113182, 56.01170349121094
1362829113215, 59.020416259765625
1362829113248, 66.8285140991211
1362829113282, 75.85903930664063
1362829113315, 83.58859252929688
1362829113348, 87.0908203125
1362829113381, 89.8320541381836
1362829113415, 90.27574157714844
1362829113448, 90.5048828125
1362829113482, 90.2629165649414
1362829113514, 89.62153625488281
1362829113547, 89.01947021484375
1362829113580, 86.93038177490234
1362829113613, 84.95111083984375
1362829113646, 84.53138732910156
1362829113680, 83.04828643798828
1362829113713, 82.94318389892578
1362829113746, 83.07730102539063
1362829113780, 83.18231201171875
1362829113813, 83.41707611083984
1362829113847, 84.17729187011719
1362829113880, 84.40797424316406
1362829113914, 85.427978515625
1362829113947, 86.38729095458984
1362829113981, 86.880615234375
1362829114025, 88.33942413330078
1362829114058, 88.32337188720703
1362829114091, 88.12508392333984
1362829114125, 88.12508392333984
1362829114158, 87.93842315673828
1362829114192, 85.7562255859375
1362829114225, 84.01557922363281
1362829114259, 82.61448669433594
1362829114292, 80.50064086914063
1362829114325, 79.49015045166016
1362829114359, 77.83759307861328
1362829114392, 77.93862915039063
1362829114427, 76.8993148803711
1362829114460, 77.32335662841797
1362829114493, 78.63955688476563
1362829114526, 80.9452896118164
1362829114559, 82.46166229248047
1362829114592, 84.27926635742188
1362829114625, 85.7877197265625
1362829114658, 86.98259735107422
1362829114691, 77.0208740234375
1362829114724, 64.12393188476563
1362829114757, 49.33901596069336
1362829114790, 33.7501106262207
1362829114824, 2.934769868850708
1362829114858, 354.130126953125
1362829114892, 348.38861083984375
1362829114925, 139.90478515625
1362829114959, 137.3441162109375
1362829114991, 136.65304565429688
1362829115024, 135.83937072753906
1362829115058, 140.5582733154297
1362829115092, 142.14772033691406
1362829115126, 142.42562866210938
1362829115160, 142.42562866210938
1362829115193, 144.1536865234375
1362829115227, 138.17108154296875
1362829115261, 128.62451171875
1362829115294, 116.78377532958984
1362829115327, 104.51349639892578
1362829115360, 104.61666870117188
1362829115393, 112.80730438232422
1362829115426, 122.94587707519531
1362829115459, 117.27864074707031
1362829115492, 121.69012451171875
1362829115525, 121.31883239746094
1362829115558, 130.0188751220703
1362829115591, 136.6213836669922
1362829115624, 148.38331604003906
1362829115659, 153.421142578125
1362829115692, 153.46453857421875
1362829115726, 151.12271118164063
1362829115760, 153.18959045410156
1362829115794, 152.81826782226563
1362829115828, 150.3429718017578
1362829115865, 152.26361083984375
1362829115898, 149.051025390625
1362829115931, 150.24249267578125
1362829115966, 151.64317321777344
1362829116040, 152.19122314453125
1362829116074, 151.4823760986328
1362829116106, 153.610595703125
1362829116139, 153.7306365966797
1362829116173, 156.6776123046875
1362829116206, 158.5891876220703
1362829116239, 157.151123046875
1362829116273, 158.7963104248047
1362829116306, 159.69129943847656
1362829116340, 158.4967498779297
1362829116374, 157.43402099609375
1362829116408, 156.19442749023438
1362829116442, 155.9138946533203
1362829116475, 155.70681762695313
1362829116509, 155.3321075439453
1362829116542, 155.2816162109375
1362829116576, 155.9205322265625
1362829116609, 156.60951232910156
1362829116642, 156.7375946044922
1362829116675, 156.87550354003906
1362829116708, 156.5452423095703
1362829116741, 156.1464385986328
1362829116774, 154.7187042236328
1362829116808, 154.9599151611328
1362829116841, 157.87318420410156
1362829116875, 158.9596405029297
1362829116907, 158.5407257080078
1362829116941, 155.58029174804688
1362829116974, 152.3568115234375
1362829117007, 151.142578125
1362829117040, 151.55101013183594
1362829117073, 152.4018096923828
1362829117106, 152.411376953125
1362829117140, 152.42234802246094
1362829117174, 152.27647399902344
1362829117207, 150.52085876464844
1362829117241, 148.5597686767578
1362829117274, 144.79959106445313
1362829117307, 140.93939208984375
1362829117340, 137.26229858398438
1362829117373, 133.32614135742188
1362829117406, 131.60105895996094
1362829117440, 131.7657470703125
1362829117473, 128.630126953125
1362829117506, 123.69161224365234
1362829117539, 119.66307067871094
1362829117573, 116.47444152832031
1362829117607, 114.39462280273438
1362829117641, 114.39462280273438
1362829117674, 110.38935852050781
1362829117707, 106.29485321044922
1362829117740, 102.43003845214844
1362829117773, 99.2336196899414
1362829117806, 97.0101089477539
1362829117839, 96.50371551513672
1362829117872, 96.50248718261719
1362829117906, 98.66328430175781
1362829117939, 98.68287658691406
1362829117973, 98.77275848388672
1362829118007, 99.9534912109375
1362829118041, 104.38616943359375
1362829118074, 105.19180297851563
1362829118107, 109.22711944580078
1362829118140, 117.74661254882813
1362829118174, 118.20164489746094
1362829118210, 118.87865447998047
1362829118244, 119.20289611816406
1362829118278, 121.08196258544922
1362829118312, 123.85444641113281
1362829118345, 127.70140075683594
1362829118378, 136.8788299560547
1362829118411, 143.67579650878906
1362829118444, 156.49095153808594
1362829118478, 325.736572265625
1362829118511, 334.0783996582031
1362829118546, 334.0783996582031
1362829118579, 337.3423767089844
1362829118612, 348.66143798828125
1362829118645, 354.0081481933594
1362829118678, 358.4735107421875
1362829118711, 1.5061088800430298
1362829118745, 3.725327730178833
1362829118778, 5.035396575927734
1362829118811, 5.974099636077881
1362829118844, 7.433880805969238
1362829118877, 8.680023193359375
1362829118910, 10.554049491882324
1362829118943, 14.300663948059082
1362829118976, 17.466516494750977
1362829119010, 18.787389755249023
1362829119045, 22.33732795715332
1362829119079, 24.85249137878418
1362829119112, 29.629552841186523
1362829119146, 39.572608947753906
1362829119180, 48.953678131103516
1362829119215, 53.72990417480469
1362829119248, 55.48047637939453
1362829119282, 56.44679260253906
1362829119315, 60.65724563598633
1362829119349, 66.5512466430664
1362829119383, 74.77013397216797
1362829119416, 80.92394256591797
1362829119449, 91.7973861694336
1362829119482, 103.54878234863281
1362829119515, 116.76825714111328
1362829119548, 121.83926391601563
1362829119581, 123.42339324951172
1362829119615, 148.94044494628906
1362829119648, 137.52374267578125
1362829119682, 121.90081787109375
1362829119715, 112.50605773925781
1362829119748, 103.26531982421875
1362829119781, 96.8578109741211
1362829119814, 81.28741455078125
1362829119847, 43.6087532043457
1362829119880, 30.792999267578125
1362829119914, 28.188886642456055
1362829119947, 29.84940528869629
1362829119980, 30.325151443481445
1362829120013, 28.387495040893555
1362829120046, 28.009109497070313
1362829120080, 33.04601287841797
1362829120114, 42.157920837402344
1362829120148, 56.62306213378906
1362829120181, 82.9711685180664
1362829120215, 90.73974609375
1362829120248, 104.2506332397461
1362829120281, 110.45226287841797
1362829120314, 117.39099884033203
1362829120347, 122.83968353271484
1362829120380, 129.1575469970703
1362829120414, 136.35533142089844
1362829120448, 145.05746459960938
1362829120481, 147.89059448242188
1362829120514, 150.10873413085938
1362829120547, 151.41456604003906
1362829120580, 151.30410766601563
1362829120614, 151.5597686767578
1362829120647, 153.61114501953125
1362829120681, 154.96498107910156
1362829120715, 156.81201171875
1362829120748, 156.8857421875
1362829120781, 146.68467712402344
1362829120814, 141.0280303955078
1362829120847, 118.31932830810547
1362829120880, 102.5264892578125
1362829120913, 88.09991455078125
1362829120946, 81.79377746582031
1362829120980, 81.79377746582031
1362829121018, 62.591026306152344
1362829121051, 56.675804138183594
1362829121086, 49.97166442871094
1362829121119, 44.57630157470703
1362829121153, 39.29850387573242
1362829121187, 37.836002349853516
1362829121220, 36.298065185546875
1362829121253, 35.73633575439453
1362829121286, 35.96154022216797
1362829121319, 37.6357307434082
1362829121352, 37.75556564331055
1362829121386, 37.11119079589844
1362829121420, 36.610294342041016
1362829121453, 34.429561614990234
1362829121486, 29.711822509765625
1362829121519, 27.058494567871094
1362829121570, 24.485729217529297
1362829121604, 23.522274017333984
1362829121637, 22.517486572265625
1362829121671, 22.93456268310547
1362829121705, 25.13639259338379
1362829121739, 27.75695037841797
1362829121773, 29.701330184936523
1362829121807, 31.861196517944336
1362829121840, 37.2507438659668
1362829121873, 41.620975494384766
1362829121906, 45.99930953979492
1362829121940, 50.43873596191406
1362829121974, 54.10067367553711
1362829122009, 55.87643814086914
1362829122042, 56.7968864440918
1362829122075, 57.116912841796875
1362829122109, 57.054203033447266
1362829122143, 57.054203033447266
1362829122176, 56.76721954345703
1362829122209, 57.10980224609375
1362829122242, 56.43913269042969
1362829122275, 54.807861328125
1362829122308, 52.548301696777344
1362829122342, 50.58983612060547
1362829122375, 47.851375579833984
1362829122408, 46.03329849243164
1362829122441, 43.21261978149414
1362829122475, 39.69326400756836
1362829122509, 35.12528991699219
1362829122542, 31.81181526184082
1362829122575, 26.979785919189453
1362829122609, 25.81812286376953
1362829122643, 25.920751571655273
1362829122677, 27.70194435119629
1362829122711, 29.547435760498047
1362829122746, 30.48497200012207
1362829122779, 28.18437385559082
1362829122812, 25.745288848876953
1362829122845, 25.610944747924805
1362829122878, 25.88164520263672
1362829122911, 28.286056518554688
1362829122945, 29.87078857421875
1362829122978, 32.56083679199219
1362829123011, 34.897071838378906
1362829123044, 36.36669921875
1362829123078, 40.96177291870117
1362829123110, 44.94224548339844
1362829123143, 53.10301208496094
1362829123176, 67.8993148803711
1362829123209, 82.01714324951172
1362829123242, 93.07864379882813
1362829123275, 104.5452880859375
1362829123308, 108.54081726074219
1362829123341, 111.16088104248047
1362829123374, 115.276123046875
1362829123407, 110.03580474853516
1362829123440, 98.21733093261719
1362829123474, 84.09027099609375
1362829123508, 71.42688751220703
1362829123541, 59.24427032470703
1362829123575, 52.18052673339844
1362829123609, 42.37212371826172
1362829123642, 33.34734344482422
1362829123676, 26.316499710083008
1362829123710, 21.08553123474121
1362829123743, 16.628028869628906
1362829123777, 12.871572494506836
1362829123809, 11.445462226867676
1362829123842, 9.89256763458252
1362829123875, 8.140260696411133
1362829123908, 7.989415168762207
1362829123942, 8.44288158416748
1362829123976, 9.639039993286133
1362829124011, 11.090070724487305
1362829124045, 13.959083557128906
1362829124078, 18.829418182373047
1362829124112, 20.78793716430664
1362829124145, 31.341190338134766
1362829124181, 34.54967498779297
1362829124214, 38.96892547607422
1362829124247, 43.96858596801758
1362829124281, 48.142372131347656
1362829124315, 51.07681655883789
1362829124349, 59.181068420410156
1362829124382, 67.27143859863281
1362829124415, 80.32100677490234
1362829124450, 91.21672821044922
1362829124486, 92.99795532226563
1362829124520, 111.2632064819336
1362829124554, 115.8169937133789
1362829124588, 101.2170639038086
1362829124621, 82.44037628173828
1362829124655, 63.97651672363281
1362829124688, 33.535247802734375
1362829124721, 14.739056587219238
1362829124754, 1.1014858484268188
1362829124787, 356.3178405761719
1362829124821, 351.281005859375
1362829124854, 349.4705810546875
1362829124888, 351.23516845703125
1362829124922, 355.5736083984375
1362829124956, 0.3992691934108734
1362829124990, 2.763446807861328
1362829125024, 5.99576997756958
1362829125057, 7.695760250091553
1362829125090, 8.817748069763184
1362829125126, 9.740160942077637
1362829125160, 17.70242691040039
1362829125193, 19.596832275390625
1362829125227, 20.784717559814453
1362829125260, 29.713085174560547
1362829125294, 46.91794967651367
1362829125328, 52.711727142333984
1362829125361, 88.15202331542969
1362829125394, 122.96275329589844
1362829125427, 135.43414306640625
1362829125460, 143.72137451171875
1362829125494, 147.76596069335938
1362829125528, 142.7941436767578
1362829125561, 119.09809112548828
1362829125595, 94.59746551513672
1362829125629, 65.26243591308594
1362829125662, 52.27997970581055
1362829125696, 21.160226821899414
1362829125730, 0.8962642550468445
1362829125763, 354.7911682128906
1362829125797, 346.8791809082031
1362829125832, 344.7903137207031
1362829125864, 344.85882568359375
1362829125899, 348.5306396484375
1362829125936, 351.138916015625
1362829125972, 352.3117980957031
1362829126010, 352.4756774902344
1362829126039, 352.1973571777344
1362829126073, 353.6086120605469
1362829126151, 353.6086120605469
1362829126184, 353.7764587402344
1362829126217, 355.4829406738281
1362829126250, 357.5998229980469
1362829126283, 1.319403052330017
1362829126316, 3.3296926021575928
1362829126349, 1.3379102945327759
1362829126383, 0.21113406121730804
1362829126416, 359.0459899902344
1362829126449, 0.9622926712036133
1362829126482, 2.6255249977111816
1362829126515, 2.330031394958496
1362829126548, 1.9523886442184448
1362829126581, 0.7501387596130371
1362829126614, 359.64178466796875
1362829126648, 358.43084716796875
1362829126681, 359.4034118652344
1362829126715, 3.4260802268981934
1362829126747, 17.582849502563477
1362829126780, 25.70099449157715
1362829126814, 29.59969139099121
1362829126848, 31.7979793548584
1362829126882, 32.146461486816406
1362829126916, 33.00339126586914
1362829126950, 36.62200164794922
1362829126983, 40.89999008178711
1362829127019, 47.599735260009766
1362829127053, 52.171566009521484
1362829127086, 58.28522872924805
1362829127119, 66.0506591796875
1362829127152, 68.907470703125
1362829127186, 87.5051040649414
1362829127219, 97.79772186279297
1362829127253, 104.72159576416016
1362829127286, 111.10356903076172
1362829127319, 114.13883972167969
1362829127353, 113.95098114013672
1362829127387, 113.26893615722656
1362829127421, 96.87115478515625
1362829127454, 70.66795349121094
1362829127487, 25.447038650512695
1362829127520, 9.04656982421875
1362829127554, 4.173892974853516
1362829127587, 359.08306884765625
1362829127620, 356.6746520996094
1362829127653, 354.67669677734375
1362829127687, 354.1777038574219
1362829127721, 354.972412109375
1362829127754, 356.5362854003906
1362829127788, 356.98211669921875
1362829127822, 357.5408630371094
1362829127855, 356.08441162109375
1362829127888, 355.9876403808594
1362829127921, 353.6664733886719
1362829127955, 353.6664733886719
1362829127988, 353.3970947265625
1362829128022, 355.8609924316406
1362829128055, 2.142000198364258
1362829128089, 11.208431243896484
1362829128122, 17.39689064025879
1362829128155, 21.771989822387695
1362829128190, 15.954965591430664
1362829128223, 12.488668441772461
1362829128256, 354.21331787109375
1362829128289, 345.643310546875
1362829128322, 339.0263366699219
1362829128356, 334.020263671875
1362829128390, 333.208984375
1362829128423, 311.65179443359375
1362829128460, 310.539306640625
1362829128493, 308.9273376464844
1362829128526, 309.2573547363281
1362829128559, 309.5925598144531
1362829128592, 312.377685546875
1362829128625, 316.5645446777344
1362829128658, 320.365478515625
1362829128694, 24.00775909423828
1362829128727, 66.54417419433594
1362829128760, 80.89720153808594
1362829128802, 86.36666107177734
1362829128835, 84.87299346923828
1362829128869, 84.87299346923828
1362829128903, 77.28218078613281
1362829128936, 75.54010009765625
1362829128971, 74.45586395263672
1362829129004, 69.61437225341797
1362829129037, 67.45225524902344
1362829129071, 64.8385009765625
1362829129105, 64.8385009765625
1362829129141, 57.0637321472168
1362829129174, 49.819366455078125
1362829129207, 38.2204704284668
1362829129240, 32.00025177001953
1362829129274, 25.791166305541992
1362829129307, 17.177188873291016
1362829129340, 5.822414398193359
1362829129374, 357.2511901855469
1362829129407, 354.6332702636719
1362829129440, 358.6908264160156
1362829129475, 3.509796142578125
1362829129508, 12.877347946166992
1362829129541, 26.993122100830078
1362829129574, 30.045015335083008
1362829129607, 29.580734252929688
1362829129641, 27.488271713256836
1362829129674, 27.993518829345703
1362829129707, 29.516407012939453
1362829129740, 31.436368942260742
1362829129773, 34.42033767700195
1362829129806, 38.669158935546875
1362829129839, 55.49523162841797
1362829129873, 64.24439239501953
1362829129906, 70.90038299560547
1362829129939, 71.3410415649414
1362829129972, 71.34228515625
1362829130005, 71.86388397216797
1362829130040, 71.86388397216797
1362829130073, 69.998291015625
1362829130106, 67.25263214111328
1362829130139, 58.91864013671875
1362829130173, 49.6693000793457
1362829130206, 41.11724090576172
1362829130239, 33.58073043823242
1362829130272, 26.04471206665039
1362829130306, 12.61363410949707
1362829130339, 359.3320007324219
1362829130372, 353.16986083984375
1362829130405, 349.72674560546875
1362829130438, 350.5932312011719
1362829130472, 355.10986328125
1362829130505, 357.92694091796875
1362829130538, 359.17620849609375
1362829130571, 10.776268005371094
1362829130614, 15.568521499633789
1362829130648, 19.005395889282227
1362829130681, 20.631013870239258
1362829130714, 22.069063186645508
1362829130747, 24.028295516967773
1362829130780, 26.355302810668945
1362829130814, 30.76753044128418
1362829130847, 34.08676528930664
1362829130880, 35.107200622558594
1362829130914, 37.57014465332031
1362829130947, 39.385154724121094
1362829130981, 40.047393798828125
1362829131014, 37.826087951660156
1362829131047, 34.82054138183594
1362829131083, 30.313724517822266
1362829131116, 26.995609283447266
1362829131150, 23.306804656982422
1362829131183, 19.288772583007813
1362829131217, 12.271764755249023
1362829131250, 355.3512268066406
1362829131283, 335.1322937011719
1362829131316, 330.7278137207031
1362829131357, 329.5804748535156
1362829131390, 327.2449951171875
1362829131427, 327.2449951171875
1362829131460, 325.0166015625
1362829131496, 325.0166015625
1362829131530, 326.7942199707031
1362829131564, 345.50543212890625
1362829131597, 352.8835754394531
1362829131631, 0.9196049571037292
1362829131665, 6.67578649520874
1362829131698, 6.67578649520874
1362829131731, 6.67578649520874
