1362327099199, 0.0, 0.0, 0.0
1362327099296, 0.0, 0.0, 0.0
1362327099329, 0.0, 0.0, 0.0
1362327099363, 7.133407524922602E-5, 0.0345256876132321, 0.28763681550791004
1362327099396, 1.4040357668101527E-4, 0.0679553216514408, 0.5661423035393826
1362327099429, 0.005725781591203279, 0.20958947278189516, 1.6076455538885979
1362327099462, 0.007365927263196065, 0.31952495329984565, 3.1287090280874637
1362327099496, 0.007807627887044192, 0.42753577496424827, 4.047560131151756
1362327099529, 0.04790542959476133, 0.553069535893952, 5.076958589723952
1362327099562, 0.13073412935727421, 0.7658229107810081, 6.177099274318389
1362327099595, 0.3496466725652747, 1.0462132649810276, 7.342156087382202
1362327099629, 0.4798342593399004, 1.324416524007674, 8.260172089719147
1362327099663, 0.48738298834206656, 1.6895857836706971, 9.25995166321247
1362327099697, 0.4919961245903179, 2.0108483098619607, 10.15712856539093
1362327099730, 0.5621256996515076, 2.3114584871703974, 10.849965210864358
1362327099763, 0.7328049928162927, 2.764568502924946, 11.245101092896602
1362327099796, 1.0762317799383423, 3.199745550967352, 11.474900552111592
1362327099829, 1.806491176393095, 3.352110100805018, 12.177519419360172
1362327099862, 2.879607598395201, 3.4076261591450367, 13.717301959913712
1362327099895, 4.047416444244681, 3.7211407231356657, 14.78203635710813
1362327099928, 4.790242838223855, 5.835733050161908, 15.62065093874874
1362327099961, 4.973576150823955, 7.962595433320285, 19.004266674029804
1362327099994, 5.220768129283006, 9.859350908071075, 19.354195376391363
1362327100028, 5.842585659780224, 10.285344847261019, 19.27842175402597
1362327100062, 6.915510111733953, 10.257880699613434, 19.209942189482152
1362327100095, 7.677359379480012, 10.204560655024629, 19.36388268648467
1362327100128, 8.32119858751902, 10.153538949655943, 19.26514866210224
1362327100161, 8.558059112710083, 10.123557921172035, 20.242437769670325
1362327100195, 8.822099926865471, 10.565430622742564, 21.037886055846933
1362327100228, 8.938865102395065, 11.855579264962422, 22.781441022379152
1362327100261, 8.96314312032593, 12.2126600635723, 22.6409873304411
1362327100294, 9.29397657956663, 12.306004413340377, 23.03736311995113
1362327100327, 9.87785420901524, 12.217190650270009, 22.95935298401594
1362327100361, 10.520809584233112, 12.37786103070641, 22.98898069076691
1362327100395, 11.142962745241096, 12.537313372711589, 22.992843722525695
1362327100428, 11.326029412600848, 12.735431816081087, 22.779528700412563
1362327100462, 11.829344712150538, 13.076921900348372, 22.762618507674098
1362327100495, 12.96173461763079, 16.091355695405156, 23.367077250392907
1362327100528, 12.96551671240876, 17.86706686394757, 23.539064207193665
1362327100561, 12.960572575310447, 18.987491116674214, 23.30752064982273
1362327100595, 12.955832134032295, 19.428520018663416, 23.283894101534937
1362327100628, 13.228071163258035, 19.2631569178983, 23.235265801346642
1362327100661, 13.528389928238129, 19.21625857836705, 23.81183350275742
1362327100694, 13.76306489469056, 19.18120423645875, 23.806459807430745
1362327100727, 13.835130400339246, 19.028615957041854, 24.09385491589996
1362327100760, 13.88577083296573, 18.843686443363296, 24.164733316785753
1362327100793, 13.885384451044143, 18.65457797668084, 25.322075149557467
1362327100827, 13.978420825067325, 18.472314199186066, 25.327879692299373
1362327100860, 14.110964513665875, 18.276967937549173, 24.868159345585
1362327100893, 14.236526357788101, 18.104993513951566, 24.373879705326495
1362327100926, 14.371244775394468, 17.970993851748414, 23.843741016493972
1362327100959, 14.691734994686744, 17.761485547555363, 23.305453916884044
1362327100992, 15.169202249032466, 17.53707387694265, 22.942655277304933
1362327101026, 15.715525912808424, 17.430611718836165, 22.471740019134568
1362327101059, 15.866594393752143, 17.242285392931652, 22.158425805188124
1362327101092, 16.309174448902766, 17.100483564550935, 22.940427285421283
1362327101125, 16.299879758375145, 17.00005902362204, 22.474470182687263
1362327101158, 17.291223147079073, 16.779129282728483, 21.96641101976254
1362327101191, 17.875156652459022, 16.645896640665722, 21.27362250708026
1362327101224, 18.452820658258453, 16.480874856198454, 21.052757275971217
1362327101258, 18.624399650297068, 16.362250715377908, 20.438331018024904
1362327101291, 18.738680712276118, 16.206471308815406, 19.937102970437444
1362327101324, 18.7478628146808, 15.913013124856004, 19.105354928346575
1362327101358, 18.82445634077541, 15.717198781555064, 18.248189880003245
1362327101392, 18.969264710490144, 15.547759315298988, 17.90325921009386
1362327101425, 19.422572657039545, 15.205379033151141, 18.445447417485465
1362327101458, 19.974875887493294, 14.85317129349737, 17.444335736026673
1362327101491, 20.65310630736049, 14.679692926031956, 18.379627111354758
1362327101524, 21.567533913397114, 14.510341121543599, 18.270371987090325
1362327101557, 21.931439488751234, 14.482414269006622, 18.36183976024638
1362327101591, 22.08556547450091, 14.55931409848405, 18.434757403496057
1362327101625, 22.580134492327144, 14.491016746661199, 19.96572450655931
1362327101658, 23.14908918868562, 14.442191916196734, 19.98117702076551
1362327101692, 24.63787090518042, 14.43863287760222, 19.96823837578991
1362327101725, 25.674712156997888, 14.437921442232499, 20.123929513061448
1362327101758, 27.453152734543067, 14.44351125890168, 21.323420010753303
1362327101792, 28.40109389711758, 14.447907405994796, 21.33489112055884
1362327101825, 28.73065224448738, 14.499747132937784, 21.337353766782662
1362327101858, 28.749117581579053, 14.595822624249402, 21.54239890266609
1362327101891, 28.73943835050336, 14.5910042030014, 22.93610242136171
1362327101924, 29.0670238552457, 14.573574484341973, 22.961485359138983
1362327101958, 30.210047021109386, 14.598241492266181, 25.934684747020576
1362327101991, 30.763087038228228, 14.543628824759473, 29.589463944416266
1362327102024, 30.128497181545, 14.79388642660324, 29.626481671862052
1362327102057, 29.790823885219208, 13.977548679702911, 29.545768448933195
1362327102090, 29.533709795822283, 12.888366080974325, 28.038617239904514
1362327102123, 29.264977813140415, 11.950560062335306, 28.170378276326165
1362327102156, 28.650299586199836, 11.841632995015866, 29.038829775798487
1362327102189, 27.548640588939396, 11.836299245236766, 29.0680250437977
1362327102222, 29.23381420207808, 11.809761986693303, 28.63206034548879
1362327102255, 29.93319423696821, 11.785159555250894, 28.65256345730881
1362327102288, 29.990208202302274, 11.961866765232863, 28.466965584363756
1362327102321, 30.14799710947907, 12.276671953484122, 28.342807621964003
1362327102355, 30.411397252944894, 11.50272621443121, 27.706753887163753
1362327102388, 30.68424130569148, 11.69166750351027, 27.306355341535742
1362327102421, 30.52510949982095, 11.678528606817116, 26.96270362583579
1362327102455, 30.289482641764057, 11.640889911740631, 26.430099798689277
1362327102488, 30.44045469243019, 11.186160562991976, 27.43241227815517
1362327102521, 30.370789525272667, 10.598486839574829, 28.271550973936268
1362327102554, 30.62854177630607, 9.930676834849692, 28.192784002410335
1362327102587, 30.427186799676264, 9.866672849138922, 28.190599927331043
1362327102620, 29.530116503336824, 7.749381438699105, 28.036748356793133
1362327102653, 29.79964271855762, 6.359257949587807, 29.406252978585258
1362327102686, 29.90359344334199, 5.425319415100466, 30.444670127998872
1362327102719, 29.900283997360894, 5.014728282732807, 30.527330610840888
1362327102752, 30.38226708505395, 4.986438874470754, 32.28420056962328
1362327102785, 30.825853560917192, 4.822684207369993, 32.114423869008434
1362327102818, 31.223513095107986, 4.904361494006616, 32.10744761381527
1362327102851, 31.50887613560765, 4.991877877820241, 32.675106232572226
1362327102884, 32.08211708567824, 5.164875743633046, 32.706880056063085
1362327102917, 32.68068555530567, 5.178652904136748, 32.56399983907979
1362327102950, 32.6365485757573, 5.863649875512765, 32.953083362772865
1362327102983, 32.55977751136439, 5.87876972446157, 33.57209074589444
1362327103016, 32.69858078872791, 5.871292446566005, 35.24254697403419
1362327103049, 32.77652098114911, 5.851486115167944, 35.44190746702652
1362327103082, 32.620970902318064, 5.858411821930431, 36.250294842270726
1362327103116, 32.193282672393984, 5.934059857235587, 36.211964066269196
1362327103149, 31.82819641360436, 5.941630240503519, 36.510279448853076
1362327103182, 32.21067963110968, 5.909255237961358, 37.43911916647302
1362327103215, 32.21160687244088, 5.817602752800723, 36.57578752858898
1362327103248, 32.659432507551095, 6.257230679111102, 36.23439292308025
1362327103281, 31.87918470983438, 6.637171956412735, 35.97926391713942
1362327103315, 31.314421186937828, 6.522852454641512, 37.38072616602853
1362327103349, 31.446597943836867, 6.432302366109961, 37.17810753707223
1362327103382, 33.60226581343983, 6.2261839600792, 37.08545793234489
1362327103415, 36.2582571610403, 6.10895435329668, 37.146310135628475
1362327103448, 39.02961026411682, 6.267137985918957, 37.464553824672734
1362327103481, 42.61336440409439, 6.402962174971302, 37.42937246287248
1362327103514, 44.794176944891205, 6.469937361100545, 37.650273996797075
1362327103548, 44.21885768930967, 6.986887790662532, 36.0614767705916
1362327103581, 43.58573924425144, 8.920462228459764, 36.112717346982514
1362327103614, 42.8537920025713, 9.17210784888578, 35.78097599201266
1362327103647, 41.90452535918851, 9.197523873903243, 35.6963605812555
1362327103680, 41.6040038784121, 9.231904625057973, 36.341542320501304
1362327103713, 41.56538189990644, 9.145726271998754, 36.84550151502395
1362327103746, 41.392472196974886, 9.334355651269627, 35.34270887949686
1362327103779, 41.78781074932942, 9.441410444195858, 35.56879577760648
1362327103812, 41.548803591827294, 9.423116827510405, 35.648448907825994
1362327103845, 40.729043467307015, 9.422311218496487, 36.059941900030786
1362327103878, 38.93660782738212, 9.716613090178388, 35.1425938640524
1362327103911, 38.20323292662863, 10.14532590914694, 35.15973792826195
1362327103944, 37.89862954359039, 10.23659353348231, 35.875314612539654
1362327103977, 37.861208611511614, 10.278379218975655, 36.32765645530043
1362327104010, 38.23781135869599, 10.293780704852288, 34.743922065781916
1362327104043, 38.69290638861491, 10.392463134810024, 35.113230265910964
1362327104076, 37.672662581014755, 10.435720793725164, 32.93018348774378
1362327104109, 37.25759105979062, 10.550593207368165, 29.208681057454992
1362327104142, 37.660347844615956, 10.329848962126459, 29.483134968188544
1362327104176, 37.5143935126023, 10.410731599511458, 30.45807643230558
1362327104209, 37.6135482176915, 10.544828265573477, 32.19601068567481
1362327104242, 37.51485659712253, 10.537849777809857, 33.7963855156539
1362327104275, 36.982520343204314, 10.578764396011994, 33.56850859577027
1362327104308, 37.30303360653072, 10.534741420942654, 32.95567658763456
1362327104342, 36.66171393849214, 10.42986863610003, 32.738421963355364
1362327104375, 35.97321116699238, 10.591434002910656, 32.19470370667379
1362327104408, 35.942178992872044, 10.918207801594162, 32.222537459114385
1362327104441, 35.80415667356139, 10.666099651040598, 32.303439148002575
1362327104475, 36.45423117203656, 10.61272017553265, 32.29512717047878
1362327104508, 36.77469494579909, 10.491760700994218, 32.184878135922304
1362327104541, 37.61891054080695, 10.661958876893024, 32.02579254604566
1362327104575, 37.444392395228036, 10.643253823223828, 32.52666118753483
1362327104609, 37.32247240842031, 10.597606315079368, 32.095405627620586
1362327104642, 37.19464812050888, 10.611052230780912, 32.62198424061992
1362327104676, 36.85098901951352, 10.625840064479782, 33.51755530967695
1362327104710, 37.04065591672285, 10.713954996408082, 34.13222311606376
1362327104744, 37.65032702015836, 10.742593290010303, 34.17864560991522
1362327104777, 37.8510186563282, 10.827508662373324, 32.74362991909924
1362327104815, 38.104283125974916, 10.83432876631952, 31.49258262635957
1362327104851, 38.1516231892928, 10.864666285305502, 32.84788068496983
1362327104884, 37.822494315702464, 10.878890279957293, 33.015933119977674
1362327104917, 37.69974141046029, 10.857526869923396, 33.57308753804598
1362327104950, 38.09722881754855, 10.598480658823531, 33.5384973485551
1362327104983, 38.38432896866469, 10.77656299547099, 32.872212573039285
1362327105016, 38.42051426701072, 10.94817923204501, 33.26175829577608
1362327105049, 38.43757058186367, 11.299138183646463, 33.23282323444624
1362327105082, 39.11591977617692, 10.842835363216937, 33.39588257409247
1362327105115, 40.33991786209853, 10.847160042029257, 33.46672452174333
1362327105148, 41.735209814575896, 10.758928779882417, 31.958548804099337
1362327105181, 42.684385992288696, 10.65066651177258, 32.79529542042153
1362327105214, 42.95858283084188, 10.645848532641118, 33.67553855705355
1362327105247, 43.01079731029929, 10.587984139135164, 35.02100606856004
1362327105281, 43.84975773889119, 10.509753179317022, 34.59936835788375
1362327105314, 43.98905341438362, 10.54098576130785, 33.477316283412556
1362327105347, 43.79521784030657, 10.616416479815214, 33.71225846646565
1362327105381, 43.544221021512776, 10.221728208587978, 35.46094745833845
1362327105414, 43.7097090138261, 10.092663538976586, 36.056914261460804
1362327105447, 44.167745496024615, 10.290607898139186, 34.93423398524789
1362327105480, 44.07586135581153, 10.400847922812304, 34.50665856744913
1362327105514, 42.330313024066825, 10.363380979070769, 34.978490951397646
1362327105547, 40.05902011316249, 10.36683454200726, 35.377839569059056
1362327105580, 37.65921776519024, 10.343690202990086, 36.55072289341816
1362327105613, 34.269251673638344, 10.391993765181635, 37.95567195565989
1362327105646, 32.32017476035125, 10.23323710428459, 37.935679549999016
1362327105680, 32.91547940702056, 9.63408263648468, 38.93109445117188
1362327105714, 33.29048116240178, 7.541013670267165, 39.74485802010397
1362327105747, 33.58505372544978, 7.289422279772575, 40.30386698511325
1362327105780, 34.14766173629823, 7.390618754299465, 40.89159528667708
1362327105813, 34.64670770832326, 7.4835914259585135, 40.46627537188205
1362327105846, 34.75578322855023, 7.540393099353354, 40.147032084508396
1362327105880, 34.5858108367156, 7.72386119492228, 40.60610680575697
1362327105912, 33.98583831132183, 7.707994503967651, 41.71715038792861
1362327105945, 33.68984312881876, 7.715247549651187, 42.76732940769112
1362327105978, 34.02206206612921, 7.674292936516951, 42.51725531920892
1362327106011, 34.62160813897411, 7.241358543822758, 43.45671886397387
1362327106044, 35.14436510782019, 6.658260063160499, 46.23127902192591
1362327106077, 35.72032804784326, 6.45257681217631, 48.10725245507845
1362327106110, 36.521180046511134, 6.377530679074944, 48.46509952119985
1362327106144, 36.82995249081063, 6.576899426477903, 48.53772901070731
1362327106177, 36.26660462003601, 6.760659077465398, 47.89080196099409
1362327106210, 35.48127733230675, 7.928039590656329, 48.18722508534541
1362327106243, 34.53298875944954, 8.246130768279006, 49.9612356520548
1362327106276, 34.42561190707076, 8.35162796027105, 50.84081734213067
1362327106309, 34.43042125381806, 7.8832582313077895, 50.747710647317525
1362327106342, 34.798970722320085, 7.839844853852993, 49.653552729654386
1362327106375, 34.78148495506186, 8.257372848170217, 48.508647099738084
1362327106408, 35.08113155068023, 8.570002761684092, 48.97512926386086
1362327106441, 36.37468029037302, 8.585061644835626, 49.900665855649464
1362327106475, 36.039481663551605, 8.598141085437357, 49.29443762564987
1362327106508, 35.89318129810247, 8.774844928728681, 49.88614767148249
1362327106541, 35.79042492843846, 9.139927727325624, 51.43878436329739
1362327106574, 35.86690573049631, 9.350292143830336, 52.93013242725678
1362327106609, 35.87541170777378, 9.3091621933111, 53.029833366434026
1362327106641, 36.130371695281944, 8.939999390122379, 53.771455881722694
1362327106674, 36.63386660030631, 8.590354728338859, 54.218777674363054
1362327106707, 37.47670582982069, 8.775098120168009, 53.83778813682336
1362327106740, 37.31173425161256, 8.693952743075176, 53.467401035552776
1362327106773, 37.04753769775486, 8.861042729697022, 53.445733087219544
1362327106807, 37.77712419460018, 9.79812892373359, 54.27530293385111
1362327106840, 37.84992857073833, 10.065064244699542, 54.81315517438714
1362327106873, 37.25357363354905, 10.07336003650249, 54.75745952211787
1362327106908, 36.53480632116405, 10.084170048471089, 54.98214136513424
1362327106941, 36.40507474117448, 10.083761448393288, 55.557112792074015
1362327106975, 37.22385712371766, 9.893853259047189, 54.30015344771309
1362327107009, 38.489654109247894, 9.878727198140849, 52.69276903698797
1362327107043, 38.69372042913597, 9.880964348213137, 52.054642829754826
1362327107075, 38.37206288578472, 9.886901403960179, 53.138928433542375
1362327107108, 38.956397762265375, 9.80935929352838, 53.06651146506111
1362327107141, 41.447939911097556, 9.718207603011034, 52.73737669994334
1362327107175, 42.484995820078844, 9.572875151697625, 52.128572843494666
1362327107207, 42.782979939880185, 9.890259910853135, 51.416679614295575
1362327107240, 41.770366948708784, 9.892365450602236, 50.681081682527136
1362327107274, 41.77277379599608, 10.173846857283227, 51.098769659225674
1362327107306, 42.15873933452847, 10.142066841807985, 50.42623586421929
1362327107340, 44.763796974431806, 10.1488858040672, 48.582222493799264
1362327107374, 46.712990693223, 10.155762127251911, 49.09347323198807
1362327107407, 45.51214845738513, 10.147825648108174, 49.10841456075998
1362327107440, 44.37921666359146, 10.146887084228267, 49.097579697824386
1362327107473, 43.669917835718174, 10.143158084102922, 48.96225593696957
1362327107507, 43.725180316070535, 10.502787864773925, 47.44250084328958
1362327107540, 45.80047517626683, 10.52706465955051, 46.961595483647436
1362327107573, 46.27000490781255, 10.438571302309816, 48.01806781168481
1362327107607, 45.93919537305452, 10.485121506508825, 48.23083510241767
1362327107641, 46.003555761937555, 10.458390679293126, 47.832197114119396
1362327107675, 46.26969903554328, 10.41802591453184, 47.336135469136146
1362327107707, 47.08172873970788, 10.420958837391671, 46.19292627584292
1362327107741, 50.406181025731144, 10.330060295627757, 46.0800011869819
1362327107774, 52.41911376068186, 10.388238519846228, 47.11663322534025
1362327107807, 52.0932291744705, 10.390061029877272, 46.277112521340385
1362327107840, 51.95731710978439, 10.293142208263227, 46.11872455918875
1362327107873, 52.13745986533718, 10.272715498440272, 45.26128533668466
1362327107907, 53.51439194796542, 10.415655655744473, 44.83659850779884
1362327107940, 54.51086835766136, 10.343451849316695, 45.27427759674496
1362327107973, 54.516673537158155, 10.28953192219845, 44.85748437098435
1362327108007, 54.4576999564653, 10.020074429322106, 44.24016884989604
1362327108040, 54.8128638003955, 9.96903948052715, 42.97373890339623
1362327108074, 56.05906533860654, 10.204225180740863, 41.69391785755759
1362327108107, 57.620385281419686, 10.365930544512635, 42.44933568802714
1362327108140, 58.062713670257985, 10.433209257680971, 42.04229579126328
1362327108173, 56.85915994595472, 10.598602605084645, 39.4275189588497
1362327108206, 55.72339414435289, 10.468608934041713, 37.49778031471328
1362327108239, 55.834235027906544, 10.492497568875429, 36.557440566931774
1362327108272, 58.27617746418421, 10.427126931645528, 36.4296081464152
1362327108306, 60.18206600438269, 10.282281217416003, 36.630035158592214
1362327108339, 61.44478727461127, 9.551200883475476, 36.09866174812507
1362327108373, 61.33714844045349, 9.19659945822241, 36.08575378172672
1362327108407, 61.08080862056725, 9.134727637519918, 34.84256314568151
1362327108440, 63.62237005643151, 9.207403705303046, 34.084991884551464
1362327108473, 66.5578530721483, 8.977039720031462, 34.861992229120034
1362327108506, 66.86348851406429, 8.309284072163067, 33.935865893596116
1362327108539, 66.73607912293733, 7.685858341177891, 32.49070208662179
1362327108572, 65.9109245546931, 7.862212081944236, 32.153245774478094
1362327108606, 66.92248028671158, 8.238201175784889, 32.12517392335552
1362327108640, 68.72338572537328, 8.268883703026638, 31.76078851135482
1362327108673, 69.66119444990761, 7.8487745058218366, 30.556545460570547
1362327108706, 70.65431904097356, 7.722771926986689, 29.64971979647598
1362327108740, 69.84248916163698, 7.833503651015082, 29.660483170862992
1362327108773, 69.81735782036905, 7.7676879270518775, 29.241853766071454
1362327108806, 70.8654380785429, 7.557844948018584, 27.55408687090318
1362327108839, 70.7657879499324, 7.195925284713211, 28.001263755976613
1362327108873, 70.30550240504579, 6.974355826446186, 28.09738713684247
1362327108906, 70.43723364160515, 6.778009908205004, 27.200865266975285
1362327108939, 69.97472941325718, 6.051307758653833, 25.951705578968195
1362327108972, 70.12790044472453, 6.155773189568928, 25.790887912188975
1362327109005, 72.12288416678881, 6.3572447404892864, 25.877928712282937
1362327109039, 74.31118711832414, 6.384606957456737, 25.6941263748488
1362327109072, 74.77053022913337, 6.3963297192168636, 25.104102912772767
1362327109105, 73.70062396133429, 6.3454402377899575, 25.569487521740644
1362327109138, 72.75084102112285, 6.324153375152324, 25.628902633920344
1362327109171, 73.88785904459118, 6.339041800754887, 25.95403497025807
1362327109216, 75.53637450406195, 6.4118514819213885, 25.13454862772044
1362327109249, 76.07484479823766, 6.454224691181544, 25.338803551369587
1362327109283, 73.33982143390504, 6.461180892448199, 25.41027304335164
1362327109317, 71.77056390704273, 6.461815954351641, 25.877095077542286
1362327109351, 70.6361450201887, 5.991580404275522, 25.82184191456985
1362327109385, 70.61531484800732, 6.126370673645312, 26.238790622323148
1362327109418, 69.66689851151843, 6.133818848944601, 26.009766303999964
1362327109451, 68.93271636709984, 6.129628171254022, 25.821829603131647
1362327109484, 66.97085338036942, 6.076553900080286, 25.80960787016593
1362327109517, 66.21669891203219, 6.145580473335465, 23.618499518386635
1362327109550, 66.7549574126238, 6.179241909603131, 23.57552048164773
1362327109583, 66.79702857644095, 6.177151607298684, 23.570862648949962
1362327109617, 66.75215596269864, 6.207114888170004, 23.441747144389495
1362327109650, 66.05103349653821, 5.983837987385502, 24.275135897722944
1362327109683, 62.90209934392015, 5.883695586929693, 24.744468995563622
1362327109716, 61.48012639633038, 5.723601802853071, 23.651499336329962
1362327109749, 60.992499282106444, 5.45149718956255, 24.014733530441784
1362327109782, 60.73129974761049, 5.585863735132967, 24.467396549183707
1362327109816, 60.80338514454338, 5.5536993683667, 25.31185167662566
1362327109849, 60.56597590468769, 5.531860123168359, 25.240135671281948
1362327109882, 57.71185070149048, 5.530922131225786, 23.794316488110272
1362327109916, 55.53155032906141, 5.670577103837605, 22.283285953193445
1362327109949, 55.67947760008126, 5.704461178152581, 23.119396442153704
1362327109982, 55.68374680202034, 5.949609007781818, 24.10756048221129
1362327110015, 55.41175298700972, 6.073260540640491, 24.832954169553194
1362327110048, 54.72012861868226, 5.966516515666251, 24.604457483784778
1362327110081, 54.09617857870411, 5.974473755428649, 24.31467942287486
1362327110114, 54.79195781479086, 6.063425326431457, 24.945352901521016
1362327110147, 56.053450082159195, 6.514663607492651, 24.89144345154952
1362327110180, 57.128820167412776, 6.979366925039862, 24.538699776311386
1362327110213, 56.30518687406885, 7.221619599740741, 24.338804486168687
1362327110246, 54.87830292462211, 7.303348836706064, 23.58578167238157
1362327110279, 53.31695214787333, 7.142398631770513, 23.738717219146068
1362327110312, 53.22629668639046, 7.3462707145351125, 24.109342576220932
1362327110345, 53.657625152732344, 7.653850491153385, 25.16769424213404
1362327110378, 53.83215375793446, 7.43122756257152, 25.584067683227037
1362327110412, 52.06063784078672, 7.3145774004483854, 26.657172022070444
1362327110445, 50.48488956588896, 7.359677912370002, 28.297500956116917
1362327110478, 49.54907941901793, 7.071972967239335, 29.51090289455455
1362327110511, 49.53138089952957, 7.459263384934385, 28.88874432489102
1362327110545, 49.151682424591584, 7.750660712571565, 29.112969539881853
1362327110578, 46.11635455065542, 8.007892591585325, 29.13322165997774
1362327110612, 42.56457605928912, 7.989784919213771, 27.82745933835538
1362327110645, 42.38426410893073, 9.11173686907527, 27.852560273397575
1362327110678, 42.75231902817532, 10.551516346686467, 28.03314816798985
1362327110712, 42.78242341210989, 11.065710110047036, 27.58341057245593
1362327110746, 41.477137765288944, 10.635441363017303, 29.277908096790764
1362327110793, 40.47525182717973, 10.51025446302946, 29.301545282361563
1362327110826, 40.6598582127091, 10.52873062488201, 30.162298048317126
1362327110859, 40.328685461178175, 10.525850732614428, 30.824172177627048
1362327110892, 41.25924395647125, 10.596764939892083, 31.00498791963146
1362327110925, 40.79219522958898, 10.762793743221383, 30.427707645797064
1362327110958, 37.699140899452715, 11.062837302488715, 30.174788739189808
1362327110992, 35.86556180158485, 12.08066794909753, 30.396559631132796
1362327111025, 34.959298647181114, 12.768304474386268, 32.06499000844762
1362327111058, 34.62010318786268, 13.09641507640051, 33.78561416433373
1362327111092, 35.040100631285654, 13.295575659589026, 33.794875831405655
1362327111125, 35.30940639709266, 13.193375401194366, 33.09021596940484
1362327111158, 33.80045949610629, 13.089523597575585, 33.509016027565394
1362327111193, 31.7361163474382, 13.237571255539379, 34.01120710432496
1362327111226, 30.629346161237507, 13.222002414931616, 34.44546505188654
1362327111259, 30.492329238932353, 13.516738450123357, 34.81725488376091
1362327111292, 30.126129439149267, 13.856747752369627, 35.44874070640551
1362327111326, 28.692809269757188, 14.174901139352079, 35.75523435571539
1362327111360, 27.132820960259277, 14.180096178463113, 35.79045581278993
1362327111393, 25.644438159023476, 14.192025084292947, 35.66533107300533
1362327111426, 25.313396823227933, 15.232091218298315, 35.62377830080385
1362327111460, 25.460035053828737, 16.038115172346412, 36.70773850741235
1362327111492, 25.474714664480388, 16.473213578744424, 37.671886025138754
1362327111525, 25.635938378204067, 16.498201104789512, 37.28280287803124
1362327111558, 25.991130208232512, 16.371384613185636, 36.93414798935017
1362327111591, 25.94770118801898, 16.35059003610914, 36.90447850068
1362327111624, 25.656172462344145, 16.435382456760518, 36.99416806549679
1362327111658, 24.806216660250726, 16.38723628335519, 37.33056894398673
1362327111691, 24.377286369564253, 16.483607629511464, 38.03761576460966
1362327111724, 24.682350988531955, 16.781468104917625, 38.362795704925254
1362327111757, 25.174421948759196, 16.74439811049741, 38.20877215024581
1362327111790, 26.0983764511268, 17.847774485752083, 36.99454619408435
1362327111823, 26.147192800347693, 20.609253263397466, 36.935645957771364
1362327111856, 26.177879113367176, 22.0982071609014, 38.82130865231201
1362327111890, 26.10680764562284, 22.508600415515392, 40.48888655875307
1362327111923, 26.263088252423856, 22.385019505468474, 40.44427300842599
1362327111956, 26.127909914243865, 22.199617696280217, 39.61256398666302
1362327111989, 25.531345685410205, 22.357221050228613, 39.40099505411244
1362327112026, 25.1855824144724, 22.96579375995701, 39.60239748004061
1362327112060, 25.34834325958477, 23.39010105431405, 40.30314129715102
1362327112093, 25.51360625037915, 23.764791717424604, 40.23536629561095
1362327112126, 25.65578460250733, 23.919890956130896, 39.13074083467549
1362327112159, 25.793216883082234, 24.093347398847246, 38.363412677255525
1362327112192, 24.836472331932306, 24.36148998211375, 38.80998490718017
1362327112226, 23.961111000762557, 24.39665892840581, 38.757831060294556
1362327112259, 23.23035544819519, 24.264621005761928, 38.47076890173639
1362327112292, 22.15188935480828, 25.513225008362024, 38.464453524031136
1362327112325, 21.035472002290675, 26.83872309293472, 38.915278772965905
1362327112358, 20.513223814671704, 26.997619346908557, 40.70177959169369
1362327112391, 19.354442225735497, 27.263983857616346, 41.638891566187255
1362327112424, 19.24797226578793, 27.957304443672317, 40.96261892165446
1362327112457, 19.421597766592797, 28.129213178010364, 41.01438793736752
1362327112491, 19.72873262355401, 28.095632385736693, 39.31019641102922
1362327112525, 18.987571642049677, 28.172048116196915, 38.652084459369604
1362327112558, 17.755612982687083, 28.24225697116918, 38.887071193703605
1362327112591, 17.477587889195256, 28.108968341030444, 37.84561506786474
1362327112624, 17.73136285772731, 27.640073505172786, 36.52106601334048
1362327112658, 17.732109613891335, 27.193559346054254, 36.34419432522156
1362327112691, 17.836461576401295, 26.714251684698084, 36.82750553958373
1362327112724, 18.001928925908196, 26.475096810392284, 37.29465629455765
1362327112757, 17.892012748398024, 26.77053345730081, 37.69183767659832
1362327112790, 17.498886626815793, 26.438364030291552, 38.113320563746434
1362327112824, 17.160566728788968, 25.650897385806857, 38.43313292213336
1362327112857, 16.846106711684428, 25.27770609642693, 38.34907510314141
1362327112890, 16.863128544002187, 25.31992012557011, 36.81160654823652
1362327112924, 16.36992054151497, 25.378683538408428, 37.13109677051144
1362327112957, 15.46061607528231, 26.325067495645282, 36.55043406169371
1362327112990, 14.616522383319552, 28.007445062353092, 36.03683459131996
1362327113023, 13.823766890813229, 29.2757116604155, 36.43895049613813
1362327113056, 13.46071231047561, 29.30197226330969, 37.53053633881936
1362327113090, 13.368619082045218, 29.68534134153107, 38.33021611946388
1362327113123, 13.59147142121743, 29.473069315170807, 37.497302455787406
1362327113156, 14.12526458354058, 29.263274951939323, 35.268013679262744
1362327113189, 14.344907906374589, 29.165282152815443, 34.05185235295176
1362327113222, 13.96804470073992, 29.11473500094921, 35.048623452989254
1362327113255, 13.57020870143096, 29.122063123764438, 35.61721376004377
1362327113288, 13.467366981230887, 29.018280620386303, 35.26373875783373
1362327113322, 13.777828682293535, 28.693997932294007, 35.160920841010714
1362327113355, 14.319016348039979, 28.41169229658851, 35.14751819848699
1362327113388, 14.68248589257736, 28.06031893771084, 34.81905029465183
1362327113421, 14.771652115257009, 27.89774576103049, 34.63590255305872
1362327113454, 14.785538881923655, 27.915564322788978, 34.82713582924401
1362327113488, 14.551356455290465, 28.31279704114915, 35.58725322660631
1362327113521, 14.484265391850991, 28.7932380897812, 36.25584022259293
1362327113554, 14.458585446534762, 28.38664862623313, 36.58957172770308
1362327113589, 14.221576606701099, 28.06830593879993, 35.132754487572036
1362327113622, 14.234980462037813, 27.83698836118252, 33.96275001492898
1362327113655, 14.064229584684927, 28.42075334527411, 33.99550049118447
1362327113689, 13.711795470080297, 30.3194336597137, 34.856157820089685
1362327113723, 13.605746988244674, 32.06238289737619, 35.737606274255896
1362327113756, 13.554804042763712, 33.29998036283336, 36.943649803920245
1362327113789, 13.642735023181693, 33.85772532783564, 37.028394381449935
1362327113822, 13.913824703286954, 33.71112315227202, 36.40118584141393
1362327113855, 14.183494202747509, 33.06270484496776, 36.11594329022734
1362327113888, 14.120552321825928, 32.96927360172853, 37.063774989875384
1362327113921, 13.151292820296142, 32.48010075777628, 38.91109802962285
1362327113954, 13.113595006537315, 30.655731295480653, 38.58043348439785
1362327113988, 13.045046084375855, 29.78348684146842, 36.89499457622959
1362327114021, 13.384050081290722, 29.62997735609157, 35.57610813381704
1362327114054, 13.400169386457481, 29.822590739892693, 35.65550017803833
1362327114087, 13.257020029987164, 30.203965908638903, 36.0611266764012
1362327114120, 13.275474486295108, 30.161177342909525, 36.811157201381285
1362327114154, 13.01177326866472, 29.843385258226863, 37.50746554898174
1362327114187, 12.555857871758304, 29.59527572798342, 37.372803166774
1362327114220, 12.138949438057375, 29.14643997540322, 37.176181453187134
1362327114253, 11.825789881661851, 28.757533256778522, 36.95200093070925
1362327114286, 11.705040867818683, 28.249869915381826, 36.365922538287315
1362327114319, 11.654522409785914, 27.698220522000614, 36.039067155471315
1362327114352, 11.664118055764959, 27.41585322540653, 36.03713288916449
1362327114385, 11.5897880859995, 28.117403242207065, 35.94608409782683
1362327114419, 11.4919554758472, 28.215201519170446, 36.479043084460535
1362327114452, 11.371649938821571, 28.199666925136857, 37.07579787280998
1362327114486, 10.766860180279187, 29.169305328207223, 35.33908580837349
1362327114519, 10.557546547262938, 30.00062354005987, 34.160341004289336
1362327114552, 10.667882042224356, 29.85398164378264, 34.138608509637905
1362327114585, 11.130686638650229, 29.636760540781793, 33.97361908584116
1362327114618, 11.520559535129053, 29.618133100316278, 34.12266651219366
1362327114652, 11.727097457701902, 29.65904671614438, 34.48829067330376
1362327114685, 11.734711341901257, 29.711103379022568, 33.42200921761209
1362327114718, 11.147090560632826, 29.725059116489824, 32.8841185630958
1362327114752, 11.072203874370004, 29.73325154386159, 33.071687041930595
1362327114785, 11.89721394306419, 29.461232991029963, 32.904840039788255
1362327114818, 12.648701518667332, 29.08943187392603, 32.66431018310722
1362327114864, 13.313194670576536, 28.906656544061672, 32.87011415029644
1362327114897, 13.28212964255592, 29.125000389531408, 33.459065933061254
1362327114930, 13.103734107607753, 29.322547383538282, 33.475664806198864
1362327114963, 13.000811356448875, 29.31326458173522, 33.368543731729844
1362327114997, 13.064218905952512, 29.066723919945048, 33.009575272181564
1362327115031, 13.151284350152812, 28.888576095102668, 32.78119016029502
1362327115064, 13.104056023925935, 29.04796184310397, 32.72992953166112
1362327115097, 13.148249433949937, 29.097760687114576, 32.70609269380582
1362327115131, 13.357189183045135, 28.84352670591298, 32.682611751862325
1362327115164, 13.512759893631639, 28.40982282747381, 33.744368785595675
1362327115197, 13.210172319611344, 29.503143225074133, 32.8794907230357
1362327115230, 13.076487989529815, 30.551447447707048, 31.90876606168675
1362327115263, 13.051987711418779, 30.747803672998057, 31.112734257377625
1362327115296, 12.75700923187569, 30.80158452592439, 31.657216288004296
1362327115329, 12.937009674395833, 30.809220629778316, 31.88581062272164
1362327115362, 13.152874011918785, 30.829955768581254, 32.18709825421505
1362327115396, 13.043426419856345, 30.98269185068963, 31.76316108265283
1362327115429, 13.121260963948002, 30.98311666398664, 31.891107710912404
1362327115462, 13.348389467908676, 30.922039246242793, 32.12629652208979
1362327115495, 13.429377274904004, 30.966750938898976, 32.12968472325059
1362327115528, 13.748550174955074, 30.97630403099929, 32.11635417109843
1362327115561, 14.179128626992343, 30.830960799391107, 32.2275995061563
1362327115594, 14.478998709864323, 30.63921828718444, 32.08905705231575
1362327115628, 14.603367164147361, 30.621575965282616, 31.85896262132426
1362327115661, 14.693500345500848, 30.839273651045282, 31.650228325774815
1362327115695, 14.690218706703186, 31.3881068100514, 31.673631896831086
1362327115728, 14.689522881688566, 31.959110977872626, 31.6860168343809
1362327115762, 14.725980991892245, 32.43222930986859, 31.80662123211119
1362327115795, 14.86353202648143, 32.079070167648744, 32.27581362444739
1362327115829, 15.072459030073144, 30.804819129266523, 31.354891510253804
1362327115862, 15.080528853472828, 30.84399517104383, 31.210039162184643
1362327115895, 15.318336877611092, 30.873231893461742, 32.09416968450904
1362327115928, 15.253546194395613, 32.00298718088058, 33.733908437900936
1362327115962, 14.936063376218998, 33.36244085158327, 34.72971222208509
1362327115995, 14.400083188537927, 33.98887217286933, 35.29308206155871
1362327116028, 13.99708979680012, 34.38880992823465, 34.42539525372377
1362327116061, 13.99779271585143, 34.46317693079322, 33.0627486499788
1362327116095, 13.973043982159526, 34.45570484061038, 33.19505496254349
1362327116128, 13.89189045406549, 34.435539927237485, 33.508130673288434
1362327116161, 13.52203861223514, 34.63845191299974, 33.16344791407
1362327116194, 13.252274371985417, 34.91285378268856, 32.884367375103544
1362327116227, 13.048763943571226, 35.619427372956316, 32.535929251750254
1362327116260, 12.889976316925123, 36.568950996057616, 32.16425276794803
1362327116293, 12.940998167137455, 37.39298862639536, 32.51242163173658
1362327116326, 13.05451934704103, 38.468302447527016, 33.29538167453891
1362327116359, 13.117184992981294, 39.951783311511896, 33.86585133640598
1362327116392, 13.18736733494455, 40.83044840344103, 34.049250403708086
1362327116425, 13.214629591467459, 41.65094452004636, 34.675330728139386
1362327116459, 13.214878565393716, 41.76478498444774, 35.46220499952572
1362327116493, 13.207704071590506, 41.69412169515173, 35.53565838201409
1362327116526, 13.196135849769268, 41.12073319368815, 35.52919191801139
1362327116559, 13.242664539323158, 40.23958245864751, 35.905636969902886
1362327116592, 13.645324573694454, 39.8356566517797, 37.125783320633
1362327116625, 14.05685627168149, 39.60833488349854, 39.49511399903373
1362327116658, 14.441752316492037, 40.46355617054515, 41.274674762629516
1362327116691, 14.79489512419993, 41.05741084349088, 43.13130216233906
1362327116725, 15.009888808035887, 41.27773381800285, 44.290792306210335
1362327116758, 15.156467985560834, 41.28318858536439, 45.31638951871771
1362327116791, 15.010037619187047, 41.36828857322542, 46.749444591974815
1362327116824, 14.987684531312594, 41.870309936904846, 48.75626491345041
1362327116858, 14.965489150337389, 42.54599886344233, 49.137540475943126
1362327116891, 14.538739786089932, 43.120817592326254, 48.81112153046058
1362327116924, 13.809724742818087, 43.57311124602389, 48.910243222839796
1362327116958, 13.039328068338083, 44.06722151856253, 49.38182538109104
1362327116991, 12.194834193316503, 44.48243562880028, 49.68147619971759
1362327117024, 12.115005656059209, 44.820085314378034, 49.43490477860954
1362327117057, 12.301270102613655, 45.264534797033534, 49.801539883944585
1362327117090, 12.57026206278216, 45.83021816550588, 50.02072888145124
1362327117123, 12.85804749754951, 46.29429798754253, 49.733874247221074
1362327117156, 13.223546661643232, 46.35902281542505, 49.238342451520836
1362327117190, 13.563431599695514, 46.27023458024477, 48.76826538837312
1362327117223, 13.917806280321942, 45.715837429811074, 48.77939958013957
1362327117256, 13.798464017040923, 44.607881040514776, 48.73089470894567
1362327117289, 13.830772025880655, 43.3923630939379, 49.05439859322378
1362327117322, 14.245995355783725, 41.69539615009551, 49.501763574532504
1362327117356, 14.80340350202743, 39.81408800366665, 49.95801857000262
1362327117389, 15.020353662088638, 39.026547313138295, 49.9711076137095
1362327117422, 15.127344557644127, 38.76741465434121, 49.689917522578554
1362327117455, 15.083797883102669, 38.96362317218167, 48.70193022218134
1362327117488, 15.130798629149313, 39.30535292654983, 46.94567312511403
1362327117522, 15.277754396597228, 39.45046160882022, 46.72258030757322
1362327117555, 15.031864953194447, 39.45380697858829, 46.727478821757124
1362327117588, 14.3843205247499, 39.58500745105692, 47.622849380710726
1362327117621, 13.669519350432106, 39.68633684146878, 48.1370456702759
1362327117654, 13.077300749649178, 39.76418848388883, 47.8513364586957
1362327117687, 13.12150881998703, 39.64199800955486, 46.85597436899187
1362327117721, 13.34635457178285, 39.46635738023073, 46.163401441470626
1362327117754, 13.490020380689653, 39.458157020724315, 45.71667646590911
1362327117788, 13.602190110718986, 39.55367208169149, 45.246664803076
1362327117822, 13.761213055742537, 39.675692105995054, 44.66797449049526
1362327117855, 14.181213022569855, 39.815135299917664, 44.06245725504426
1362327117888, 14.526760902591638, 39.858256531510314, 43.42802296503627
1362327117921, 14.77938003805992, 39.96140731540904, 42.47288820238646
1362327117954, 14.947580038009193, 39.30598057973182, 43.344823235706805
1362327117988, 15.085834938175338, 36.84029479291054, 43.81399535901346
1362327118022, 15.584918588990973, 34.54973415942498, 42.485641462629346
1362327118055, 16.58862041005769, 31.43251725543223, 41.99932404340709
1362327118088, 17.189376169741642, 28.5802679119645, 42.78439189998769
1362327118122, 18.225497505573877, 26.995464031817434, 42.6192579937089
1362327118155, 19.70876959208281, 25.85301784058111, 42.37774220518292
1362327118188, 19.78075988073206, 25.278978923051834, 43.00198031560054
1362327118221, 19.868935154013304, 25.059885502445013, 44.416096235876815
1362327118254, 21.087392543235186, 24.997911205864686, 44.34341727249483
1362327118287, 21.78329646746578, 25.075802510226143, 44.645857685189206
1362327118321, 22.212538668508778, 25.21991498893486, 45.13056687685676
1362327118354, 22.57282203026263, 25.46727053711677, 45.40811496801237
1362327118388, 23.73943919369958, 25.15622626764547, 45.70828960309037
1362327118421, 24.991375344975893, 24.805343343030195, 44.4453868674473
1362327118454, 26.12844936211296, 24.31314701890976, 42.962909133523276
1362327118487, 26.40563106406103, 23.492395566071913, 42.21670246947237
1362327118520, 26.416510981078364, 23.032460397498333, 42.15589852846714
1362327118553, 26.5347873386002, 22.71919973881135, 40.88934555877179
1362327118587, 27.78700533590445, 22.775528271683662, 39.34729813616681
1362327118620, 28.751466687499406, 22.787839420665883, 38.96185974829158
1362327118653, 29.583317044883742, 22.10094068732539, 38.911232201076025
1362327118687, 30.252148667250555, 21.016973435217054, 38.49346671030727
1362327118721, 29.85766030904457, 19.06378964042387, 37.4063754515144
1362327118754, 30.06053629519428, 16.763322131418704, 36.02173655967958
1362327118787, 30.768190134676125, 13.451864925082653, 34.9152909915795
1362327118821, 31.14955672461642, 11.592205001042455, 34.95166229576245
1362327118855, 30.392625331387034, 10.770995279780248, 34.87826551697381
1362327118888, 29.294825784059945, 10.332654387255387, 36.17311678992409
1362327118921, 28.620807331583915, 10.287924105446287, 34.41822672250242
1362327118954, 28.420836020075505, 10.410287992657514, 32.65900332136854
1362327118987, 28.402187739160553, 10.543862043667003, 32.07842160763871
1362327119020, 28.453914691702508, 10.61242043987511, 32.0992994734782
1362327119054, 28.780473164200565, 10.62618676458679, 31.939113541944618
1362327119087, 28.88770490909749, 10.837481207646645, 31.948509423021374
1362327119121, 29.146973416299492, 11.078575058421867, 31.510272947841663
1362327119154, 29.360158871042625, 10.919406472041972, 31.81199044091915
1362327119187, 29.587524444558273, 10.574738998825662, 31.891485884266967
1362327119221, 29.53477977238088, 10.318133926959291, 30.958992781066282
1362327119255, 29.328684604303696, 10.20564320654919, 30.645899673999264
1362327119288, 29.008380654152504, 10.316015615033397, 30.883273295712915
1362327119321, 28.96344172919201, 9.826940098371619, 31.293928202276053
1362327119354, 29.416331065057534, 8.893544444772296, 32.04935041336257
1362327119387, 29.90946471841133, 7.966466022214885, 32.958861154579154
1362327119420, 30.178248617885085, 7.357431396924389, 31.81252790050598
1362327119453, 30.514661925284692, 6.885887120789999, 31.385268245119693
1362327119486, 29.89781945775411, 6.900241882415884, 32.180239170738595
1362327119520, 29.307013311822097, 7.299906375258446, 32.281335612188066
1362327119553, 28.732190268788916, 7.846911358284879, 32.35757419008483
1362327119586, 28.534780328356398, 7.945720270569601, 32.508994668498225
1362327119619, 28.588216572111513, 7.898227450429414, 32.51141005917424
1362327119652, 28.450556673563923, 7.958674037791461, 32.4954417182526
1362327119685, 28.918927023542366, 8.22600824099664, 32.39978701352837
1362327119718, 29.636284446264916, 8.457265701819283, 31.967780024095905
1362327119751, 29.638953011283174, 8.740003093784177, 32.38512656481374
1362327119784, 29.57164132325321, 8.800174808822767, 32.34974129954037
1362327119817, 29.18278145752458, 8.923023673129268, 32.33907759360806
1362327119850, 28.995013844184008, 8.955021308744563, 32.496908018451066
1362327119883, 29.064379198765845, 8.934127601584203, 32.547051358141644
1362327119916, 29.238308457845502, 8.829211609309459, 32.624849210546806
1362327119949, 29.342726320791016, 8.674568022279665, 32.95403323574408
1362327119983, 29.144607752046383, 8.472093810925713, 33.913515765899824
1362327120017, 29.003620743864342, 8.420116729395552, 34.444150031526846
1362327120051, 28.83654661263111, 8.430976341762477, 34.39763215661288
1362327120085, 28.947512147543584, 8.508242611259485, 33.02167070833101
1362327120117, 28.730004014267113, 9.08512850484522, 31.99400955698812
1362327120150, 27.838277175947624, 9.735691375380812, 32.05354009184557
1362327120183, 26.458129683429302, 10.468448946470275, 31.401056284036212
1362327120217, 25.52653735726707, 11.012957705108704, 30.246527846764806
1362327120250, 24.20453586828022, 11.289089367851293, 30.244908415287394
1362327120283, 22.586365024848714, 11.428066603368492, 30.377280158328123
1362327120316, 22.911188240000648, 11.615383176706228, 29.524469402613008
1362327120350, 23.028971280813085, 11.819399599341418, 28.041544817028964
1362327120383, 22.263399160390716, 11.914445543595905, 27.992395524176146
1362327120416, 21.798861849316083, 11.900585116192376, 27.821606473013375
1362327120449, 21.560962349706262, 11.64404661029743, 27.572766902863684
1362327120482, 21.356452410921314, 11.03876135982961, 27.255453523914984
1362327120516, 20.38506424933136, 11.100841165696009, 26.344604537447168
1362327120548, 19.321351716781248, 11.10908256334822, 26.30283889316514
1362327120581, 18.64950273414048, 10.950991609312762, 26.072699767357314
1362327120614, 18.65536740549557, 10.969419110517658, 25.021576191689714
1362327120648, 19.404729469752283, 10.986928574627745, 24.924712785367582
1362327120682, 19.686536731897334, 10.998262215103155, 24.830997191185432
1362327120715, 18.130836462234598, 10.962282106668521, 24.87357237740885
1362327120748, 16.97501822467393, 10.922386954566214, 24.94284356319022
1362327120781, 16.132794921714428, 10.922400256412033, 24.931239233897745
1362327120814, 15.812469288956542, 10.91072657715699, 24.99871044510777
1362327120847, 16.32571294684171, 11.07685304147557, 24.436675787451783
1362327120880, 17.269665309792153, 10.957355438833568, 24.250525973907557
1362327120913, 17.185759168454833, 10.51297120393537, 24.57885249007032
1362327120947, 16.19111059542179, 10.210188006856042, 24.8883569034125
1362327120981, 16.304276216142046, 9.574259964908224, 24.220361978543608
1362327121014, 16.33170675113766, 9.740932044317203, 21.52464627339876
1362327121047, 16.766951228640135, 10.078801056495541, 21.672812272007576
1362327121080, 17.452467530939426, 10.408697710564443, 21.91222878918969
1362327121113, 17.773665184365285, 10.741250342328453, 22.274342785456497
1362327121146, 17.71342824690072, 11.073324595296837, 23.1084363286872
1362327121179, 17.296472298054333, 11.360298693203555, 23.81777148932327
1362327121212, 17.0918970619959, 11.241116283951277, 23.55951837459146
1362327121245, 16.734010227049204, 11.009394406879984, 22.995832084966228
1362327121279, 16.415650159743652, 11.31970990160179, 21.44155713748183
1362327121312, 16.11334666729876, 12.215806863808362, 19.923227976016673
1362327121345, 15.987265815609806, 13.248993730513332, 19.630925549458638
1362327121378, 16.268836765217518, 13.91215480248747, 19.591853131719084
1362327121411, 16.612637078421475, 14.008922842837354, 19.50593219336114
1362327121445, 16.771414034469817, 13.851560228869117, 19.23081803581239
1362327121478, 16.575577487828735, 13.308779454601767, 18.782924801472276
1362327121511, 16.07744791019752, 12.48718258502943, 18.298461103931356
1362327121544, 15.594528877557304, 12.332489202624298, 18.171236816496577
1362327121578, 14.736837072792655, 12.320663809877871, 18.17068701723798
1362327121611, 14.677952467312094, 12.432571601106696, 17.26463990243948
1362327121644, 14.89809140834113, 12.428942771100282, 17.681480497390638
1362327121677, 15.23843937470816, 12.411349610891127, 18.233929364206972
1362327121711, 15.223859072752104, 12.592904230248596, 18.754382053906564
1362327121745, 14.883966957367678, 12.900193934038208, 18.846151251380498
1362327121778, 14.943490089998273, 12.960958745432256, 18.92092277075677
1362327121812, 14.606982156439596, 12.870379939716774, 19.018433312751075
1362327121846, 14.130161899005694, 12.81678572934547, 19.54913344649773
1362327121879, 14.30021305553257, 12.718887348235505, 19.77419988814197
1362327121913, 14.300280185887276, 12.858928169471092, 19.472505266772455
1362327121946, 14.534699754488505, 12.605938307343832, 19.47978454832114
1362327121979, 14.494915532019169, 12.451364427826, 19.129251204586133
1362327122012, 14.424073166416255, 12.2046836538364, 19.087457362370152
1362327122046, 14.579325846720495, 11.973655626871928, 19.33288260565296
1362327122079, 14.806847046488786, 11.749189833906165, 19.342354582420565
1362327122114, 15.356473071353614, 11.630345999192192, 19.042039352210292
1362327122150, 16.177096937276517, 11.687587065176814, 18.640938450567383
1362327122183, 16.11827535266803, 12.284097780822352, 19.302505930921626
1362327122217, 15.901858133280324, 12.404699970896264, 20.805187704841707
1362327122250, 16.07315836005712, 12.112599007196199, 21.472686857597846
1362327122283, 16.217187645653176, 11.787308965814049, 21.462197043961343
1362327122316, 16.345752886740527, 11.421577160291392, 21.672313147712334
1362327122349, 16.439287225109013, 11.160705856053571, 21.90027197684868
1362327122382, 16.365861907953363, 11.146937597735809, 22.256288059910464
1362327122415, 16.01843703916559, 11.224573728959252, 22.68565283961715
1362327122448, 15.529194705408603, 11.293036679599584, 22.868654385489396
1362327122481, 15.504182989818819, 11.249663743638129, 22.435916117185364
1362327122515, 15.540897285832209, 11.178752654292623, 22.40900423294025
1362327122548, 15.972212379869038, 11.442418134282143, 22.331110733153754
1362327122581, 16.28991979786312, 11.449802318059678, 23.15850083028271
1362327122615, 16.305451965965343, 11.297973470222857, 23.271533683742884
1362327122648, 16.313079344316506, 10.957970539405995, 23.274066483250873
1362327122681, 16.353379046475464, 10.640099585689756, 23.247198372345864
1362327122714, 16.282796033862, 10.442151507966235, 23.354242520767258
1362327122747, 16.35984455318214, 10.361558083310612, 23.54820617937424
1362327122780, 15.933971058460363, 10.321430239248983, 22.317709895675566
1362327122814, 15.657711726338892, 10.32897455120395, 22.568252641429318
1362327122847, 15.978725034373854, 10.342140780457006, 22.895048240633773
1362327122880, 16.507962752053054, 10.414155883275596, 22.816461662816337
1362327122913, 17.27875402490843, 10.41335098791436, 23.009618672906225
1362327122946, 16.648798228692904, 11.15560223653602, 23.55488807420073
1362327122979, 16.257372532727704, 11.148654990572105, 25.567038412472765
1362327123012, 14.927909222698965, 11.092219552888594, 26.140609852910885
1362327123046, 13.962140515730567, 10.931389672208459, 26.230224300168583
1362327123079, 13.92381964810133, 10.725022459643954, 24.531762392128588
1362327123113, 13.761260018229907, 10.746374907988534, 24.53953190284877
1362327123146, 13.582946491994035, 10.661924309610113, 25.197660084230716
1362327123179, 13.184883542403046, 10.519140333238797, 25.7028629499986
1362327123212, 12.575839744496319, 10.306849959935224, 26.212066231249107
1362327123245, 12.3669940807145, 10.010153528667407, 26.28258309949441
1362327123278, 12.569663219182413, 9.656310090515072, 25.816683788362493
1362327123311, 12.764567859507762, 9.317168583313176, 25.588010079169646
1362327123345, 12.832698679517286, 9.673609165090534, 25.318361857930462
1362327123378, 12.816685410297078, 9.676838510361023, 26.62678132188542
1362327123412, 13.03102230349532, 9.415540934880545, 27.811011867657207
1362327123445, 13.036042284281393, 8.924322323728576, 27.82592885908329
1362327123478, 13.047560751716894, 8.1259811533611, 27.834447864413352
1362327123511, 12.857699138537454, 7.469668804352227, 27.895257349631095
1362327123544, 12.71515850135892, 7.154014305617164, 28.017611992100175
1362327123577, 12.881379075649653, 7.023565998283233, 28.335040940878304
1362327123611, 12.97579662755261, 7.139301218012394, 28.3515464733533
1362327123644, 13.646473500346467, 7.220731085239707, 28.418090345269565
1362327123678, 14.24501216819915, 7.295909638040254, 28.463916614040286
1362327123711, 14.82421268315374, 7.340736137007989, 28.435917793655836
1362327123744, 15.283441915568098, 7.315144239263159, 28.132524336257763
1362327123777, 15.023063195204294, 7.229259033933926, 29.245857724355346
1362327123811, 14.628319487296535, 7.153386685253784, 29.9566934176975
1362327123844, 14.204633952573461, 7.1744183273348785, 29.94479648046264
1362327123877, 14.000776789107285, 6.926761555886901, 30.016426404951925
1362327123910, 13.67333636804122, 6.876637155510466, 29.909090280010133
1362327123944, 13.575332171060419, 6.8552118576144085, 29.931947554322107
1362327123978, 13.451842696742576, 6.84807139996051, 28.604813796653623
1362327124011, 13.319806131964215, 6.820774740004319, 27.061726338910436
1362327124044, 13.423722753782936, 6.688509397655829, 27.277857755401424
1362327124077, 13.37510418935547, 6.654213190594131, 27.37411626323395
1362327124111, 13.412369130471058, 6.661944068943975, 27.470042599460886
1362327124145, 13.685579256659668, 6.7239343165471155, 27.51218935206779
1362327124178, 13.673327083665505, 6.803915509288394, 28.57888672069784
1362327124211, 13.387816634256573, 6.936643742226344, 29.333013104555626
1362327124244, 12.915364762744458, 6.98351505556175, 29.22332727550182
1362327124277, 12.465661938761693, 6.8415118860685835, 29.246488672688606
1362327124311, 12.860267486860899, 6.1259710470349855, 28.559384094541077
1362327124343, 12.93269716066265, 5.942447742601456, 26.866527155840025
1362327124376, 12.918737432152724, 5.9614740840823695, 26.23693892661342
1362327124409, 12.79698179051244, 5.961976445831343, 26.609618631085564
1362327124442, 12.751503851759878, 5.921390705157472, 26.96417082597805
1362327124475, 12.854724712104163, 5.8763770161151685, 27.080004974944952
1362327124508, 13.003252932073154, 5.739852279059504, 26.78330189311348
1362327124541, 12.87569670413434, 5.57959886098231, 26.977728658166043
1362327124575, 12.733447235056095, 5.380157779610604, 28.227942204665325
1362327124608, 12.512473487761197, 5.170705406289468, 28.99653630745545
1362327124641, 12.248006781804058, 5.182044976959358, 29.15323321999193
1362327124674, 11.583554574839834, 4.953133862855439, 29.096853536579015
1362327124707, 11.065245895262308, 4.931012937429798, 28.33066276047319
1362327124740, 11.09440448015653, 4.927045241825567, 28.313108037969553
1362327124773, 11.076006701589545, 4.861808049641483, 28.512025406282277
1362327124806, 11.067682726402923, 4.846381270419028, 28.53039725601235
1362327124839, 10.993110510257143, 4.85774665953548, 28.75464873910858
1362327124872, 10.88791681520599, 4.863332287003575, 28.740742748036176
1362327124905, 10.760037352675011, 4.844818012107312, 28.355036217611456
1362327124938, 10.642551322826202, 4.890250916009049, 28.124133386721475
1362327124971, 10.69472731179111, 4.881736384525661, 27.952699680939393
1362327125005, 10.524647821145807, 4.804049404788597, 29.281780759066965
1362327125038, 10.002396021468629, 4.848972970831753, 29.562124206102233
1362327125071, 10.12717905001607, 4.144012580054961, 28.995787912047902
1362327125104, 10.051663757694458, 4.033394309230563, 27.20979938702184
1362327125137, 10.08932950465957, 4.029478857710742, 26.580839670944933
1362327125170, 10.092928928092634, 4.043775006053316, 26.241228916636143
1362327125203, 9.987095746339172, 4.023411717128316, 26.40673092319319
1362327125236, 9.747863964346339, 4.020086997106616, 25.69801093156002
1362327125269, 9.637360739949987, 3.9167870088137944, 24.94910182974548
1362327125303, 9.634079777169156, 3.682613396512193, 24.260515793670766
1362327125336, 9.535222050237474, 3.5364128332492024, 23.47751342635784
1362327125369, 9.366657275929223, 3.411949951114712, 23.215430080481692
1362327125402, 9.028073173565963, 3.3587418630326513, 23.33372943658733
1362327125435, 8.705397137300691, 3.3887842491588795, 23.038452614599695
1362327125469, 8.607587853422324, 2.9927390929796798, 23.39676911957858
1362327125502, 8.620111402155748, 2.98027699997107, 22.26347452129324
1362327125535, 8.511878943483225, 2.952669450700984, 21.275770468953915
1362327125568, 8.486898635608826, 2.66449153037457, 21.41073908980597
1362327125601, 8.534080746751501, 2.4477610285391806, 21.24577212309197
1362327125634, 8.529180101729194, 2.4470762753036537, 21.116331710584813
1362327125668, 8.450654750551463, 2.410703679421956, 20.93452938615038
1362327125701, 8.10537416032527, 2.214284961422801, 20.471784267627996
1362327125734, 7.686221632052378, 1.9616725185685993, 19.9920760289356
1362327125767, 7.179737717978052, 1.835324173862716, 19.43802325396458
1362327125800, 6.693966414890071, 1.749150956212318, 19.40486624812449
1362327125834, 6.201418011323056, 1.7064922218981227, 19.625661993643053
1362327125867, 5.716108774455493, 1.6822902032489875, 19.88904365484681
1362327125900, 5.761127340684021, 1.7024132151340459, 18.693129609226503
1362327125933, 5.785753296416901, 1.6684430441767701, 17.49919666343753
1362327125966, 5.7791763967830185, 1.5239432613158637, 17.24626329473619
1362327125999, 5.779073175703648, 1.50752082522827, 17.45312674756234
1362327126032, 5.7473557181808745, 1.514920336840366, 17.98487321862471
1362327126065, 5.663091916897688, 1.5155205948144448, 18.49299366401998
1362327126098, 5.3913903818622035, 1.4973708652200026, 18.800626621754017
1362327126131, 5.2072355561901045, 1.499184860424259, 18.77706813530174
1362327126164, 5.152372156524089, 1.4624810335066545, 18.45783420004352
1362327126198, 5.1454724955320925, 1.4379483665248822, 18.212627773563437
1362327126231, 5.0743290744934235, 1.4543950038762679, 17.943891994519806
1362327126264, 4.711559310225585, 1.4403947523579888, 17.948875153975838
1362327126297, 4.3717583341932755, 1.398322583574639, 17.00711931230502
1362327126330, 4.310751032974693, 1.2928271892183074, 16.361055317366002
1362327126363, 4.309779868617515, 1.2732131961705948, 16.483358442878295
1362327126396, 3.997853094503402, 1.3458302758362202, 17.07971988497603
1362327126429, 3.768806008673093, 1.4503428625479724, 17.64899448613149
1362327126462, 3.6429216440980317, 1.5289167334868208, 18.03068586175131
1362327126495, 3.538476325709547, 1.5580685763868554, 17.96828875631314
1362327126529, 3.444658422258738, 1.5727272497985219, 17.540841490100973
1362327126563, 3.3171039710649324, 1.6092822454585487, 18.114089360454848
1362327126597, 3.182946335505594, 1.5530682135420346, 19.426343447966676
1362327126630, 3.032908132188396, 1.5569071387938112, 20.560004685937308
1362327126663, 3.056001083932309, 1.5589215101280776, 20.431499354109576
1362327126696, 3.0554405996418237, 1.5814785110637017, 19.00384731473043
1362327126729, 3.0433628343106487, 1.5730410075873011, 18.38860199814158
1362327126762, 3.0411633190498497, 1.5354287056037856, 18.27419209030916
1362327126795, 2.967995341259018, 1.469718230633672, 18.245077234883137
1362327126828, 2.873295854111729, 1.4621296158901829, 18.27669767075056
1362327126861, 2.8577080286282035, 1.490256334746343, 18.24962931908479
1362327126894, 2.864293952013635, 1.5309409110805052, 18.209234591790622
1362327126927, 2.862276370164439, 1.5614338678114341, 18.527616849614837
1362327126960, 2.863032020302822, 1.6185538965784723, 18.803882628604043
1362327126994, 2.8637838338584487, 1.6988674514387407, 19.293102178436534
1362327127027, 2.864456294583745, 1.7699860268846852, 20.010801896019753
1362327127060, 2.8744173196820553, 1.7496302661960976, 20.302081236924362
1362327127093, 2.6137561324653755, 1.7709764147724543, 20.539604442814177
1362327127126, 2.2426831930211515, 1.7715874528264393, 19.255333715130437
1362327127160, 1.7819397400851842, 1.7459946536835496, 18.854731659526347
1362327127193, 1.5872590177889816, 1.7029686686628398, 19.947015661145993
1362327127226, 1.5425150266392378, 1.685792371765443, 21.80697591209137
1362327127259, 1.542611770560398, 1.7758061186395215, 22.82539714957148
1362327127293, 1.5727779905109092, 1.9542307295246564, 22.907116769268978
1362327127327, 1.5782295962891266, 2.0592204018448665, 23.20963557907473
1362327127359, 1.571121136262313, 2.1090406593864484, 23.323659143437236
1362327127392, 1.529653649730136, 2.140898920356258, 23.309551807000265
1362327127425, 1.4599645900944453, 2.1529863359848314, 23.27219603131978
1362327127458, 1.3906556344680945, 2.1591202052589487, 23.282479499550927
1362327127491, 1.361509442084476, 2.156971739659756, 23.29070419125374
1362327127525, 1.3464638980170989, 2.1546621776412525, 23.334164108744137
1362327127558, 1.3492305911923328, 2.0985701564468084, 23.472237473715037
1362327127591, 1.24549003929922, 2.0779744585038036, 23.311425155259606
1362327127624, 1.198507281405687, 2.0985131076595858, 23.66974835711107
1362327127657, 1.1903156240249986, 2.1554473870333215, 24.331551708896008
1362327127690, 1.2039938165194946, 2.250490614657135, 25.111866398787146
1362327127723, 1.1851990100687775, 2.3792507258688507, 26.06279911930765
1362327127756, 1.185254858612987, 2.4747193115767194, 26.68804503483448
1362327127789, 1.1864089015559902, 2.47444179584314, 27.034169994440326
1362327127822, 1.1866677660929161, 2.457168222276335, 27.036898584236127
1362327127855, 1.2093279139860926, 2.48826175240674, 27.461689858103924
1362327127888, 1.2178130393159379, 2.5343256513260632, 28.925671920366437
1362327127921, 1.3328240846639678, 2.555864735355043, 30.527648781781718
1362327127955, 1.500644828616917, 2.6014399177793246, 31.33534220582922
1362327127988, 1.5599585640579532, 2.670369521189812, 31.808667183594753
1362327128021, 1.5583288893893823, 2.8165851071598413, 32.07348597242308
1362327128055, 1.5570462084369012, 2.999005472420968, 32.13881722114406
1362327128098, 1.5490528803886214, 3.1509132309827854, 32.000517572049226
1362327128132, 1.5341789843703257, 3.1854978720635563, 31.74362017582666
1362327128166, 1.474266044631817, 3.194274571974688, 31.31345037913756
1362327128199, 1.2377113294987738, 3.2035344042570335, 30.67378720047638
1362327128232, 1.0455034821854894, 3.2083402035466624, 30.2027500582329
1362327128265, 1.021396376564717, 3.208543662245226, 29.96768278489984
1362327128298, 1.0458322651449283, 3.20986861857789, 30.06893425051953
1362327128331, 1.0580014985204307, 3.220752697121072, 30.332731569992777
1362327128364, 1.0752016453533153, 3.2453751702795612, 30.69125510451591
1362327128397, 1.0738726984002969, 3.311972579521793, 31.132491857333566
1362327128430, 1.0517438155158554, 3.441123787217051, 31.77211560422323
1362327128463, 1.034075193071238, 3.6091101597704505, 32.26998306311251
1362327128496, 1.0238868410023123, 3.6847476288895495, 32.54567494946186
1362327128530, 1.0207651404585516, 3.6684017558285116, 32.50998401003366
1362327128563, 1.0212336897971799, 3.594720596822644, 32.18426156455067
1362327128597, 1.0176634591298497, 3.517474378360067, 31.8755068738033
1362327128630, 1.1379256831896885, 3.4980212667072355, 32.948167791833384
1362327128664, 1.2088716649134315, 3.4828370701559646, 34.70040684221679
1362327128698, 1.2083941263343372, 3.427337110252748, 35.427907045386775
1362327128732, 1.1958130000217984, 3.419044975905992, 34.711118595978576
1362327128765, 1.227616542712371, 3.4197281438822356, 33.597326831104645
1362327128798, 1.3650174178699948, 3.407749652309569, 33.47422492398195
1362327128832, 1.45140942675853, 3.380455147968054, 33.632541361092336
1362327128865, 1.4926920818997194, 3.372834540053807, 33.917387364965
1362327128898, 1.5517185760589915, 3.380949719843719, 34.05397745349708
1362327128932, 1.6043388443508688, 3.406588376411708, 34.11737121343092
1362327128965, 1.6090927769888141, 3.430661085007774, 33.98222260283955
1362327128999, 1.6049242591116257, 3.4291977449526776, 33.88883574860945
1362327129032, 1.6009500366103124, 3.4200302553283675, 33.640515592423654
1362327129065, 1.6036436354734216, 3.4021510446953167, 33.23564064098153
1362327129098, 1.6067949024238104, 3.3902826860406763, 32.846310789994675
1362327129132, 1.6154403714311216, 3.417313692490465, 32.621820204852455
1362327129166, 1.6276336821522417, 3.495730858604283, 32.43088405465605
1362327129199, 1.6299116634488475, 3.5551502576718046, 32.410010956628014
1362327129232, 1.62291712502513, 3.60725758490511, 32.737507097560545
1362327129265, 1.6357011219849584, 3.722649877524456, 33.43605826954024
1362327129298, 1.6249510634373807, 3.7787532385738785, 34.06548281608409
1362327129331, 1.6326789218935962, 3.848548563344903, 33.6084454921715
1362327129364, 1.7007631268563435, 3.866979720059312, 31.92478054881268
1362327129397, 1.7096122906545381, 3.7514141900466953, 30.76058803904112
1362327129430, 1.8269024759835089, 3.5250343439290077, 31.869424529456342
1362327129463, 1.8786759623965257, 3.365872076768626, 33.117621173149715
1362327129497, 1.8840023569805264, 3.2524223295899968, 34.689142089141555
1362327129530, 1.941741664608603, 3.193118964617743, 35.76977263698467
1362327129563, 2.02093718630565, 3.327069989361422, 36.13813934769631
1362327129596, 2.136151491546164, 3.7134469642714345, 36.66511379330184
1362327129629, 2.125569417885168, 3.92516916397623, 37.31438463346115
1362327129662, 2.1110381425283036, 3.9508118229280424, 37.92836527861913
1362327129696, 2.1348487052544702, 3.9486580667928814, 38.05513805580881
1362327129728, 2.2069890675995643, 3.948573922360329, 37.84013175810735
1362327129761, 2.273246710694015, 3.9924103311341743, 37.279367815805
1362327129794, 2.384341257653302, 4.03671793829118, 36.42413917140836
1362327129827, 2.4999597917414262, 4.090709936967017, 35.31789361458054
1362327129860, 2.5628562052047483, 4.12731488884163, 34.02377871226667
1362327129893, 2.5619363983381125, 4.098210547003956, 33.21307578141274
1362327129926, 2.5671226147668045, 4.145352410035978, 32.80166520764788
1362327129959, 2.5962467042333013, 4.1871936997706865, 32.93939805057645
1362327129992, 2.618504749987229, 4.157601905377331, 33.103025805696674
1362327130026, 2.6372345474440495, 4.106305129654357, 32.33899694890124
1362327130059, 2.4844120565340053, 4.075996288366804, 31.20577672374158
1362327130092, 2.2504903248043515, 3.9954951576943594, 30.62218103784555
1362327130126, 2.141598753790287, 3.8770229090945763, 30.063272520701524
1362327130159, 2.129729631446851, 3.6557597029740307, 29.606778932407433
1362327130192, 2.128058981920376, 3.3723232755768713, 29.577204219402468
1362327130225, 2.1222911364818624, 3.1095685418619174, 29.428438827337807
1362327130258, 2.1148341291463066, 2.991137522648882, 29.431042640429585
1362327130291, 2.1407465977027953, 2.937203638321423, 30.041220447233577
1362327130324, 2.1575107672642577, 2.8525690468707428, 31.800096414533535
1362327130357, 2.1702225445468533, 2.8393811810295357, 33.53364515500323
1362327130390, 2.1958414803123203, 2.812928174611767, 33.916147000114094
1362327130423, 2.227502707054301, 2.8167897912107183, 33.64642079359961
1362327130456, 2.224174909652449, 2.8173480676377194, 33.26698676138865
1362327130489, 2.239323636607357, 2.81961486229175, 32.82536270037547
1362327130522, 2.280566155236315, 2.808887080586812, 32.27068759740148
1362327130555, 2.316100246289423, 2.758742867639338, 31.407493335980824
1362327130588, 2.31736238921666, 2.6613463856381765, 30.564689338745332
1362327130621, 2.325729601749324, 2.6162405113239258, 29.98353116066888
1362327130654, 2.2974793690524975, 2.6430189878817987, 29.37715512741807
1362327130688, 2.257425689607702, 2.719222537192739, 29.070900853590455
1362327130721, 2.2585211836576042, 2.743403217068077, 29.08688310913639
1362327130754, 2.22063563478014, 2.6918801340282545, 28.222143764690482
1362327130787, 2.1985628256952925, 2.660641100615867, 26.703332026313614
1362327130821, 2.230153613442753, 2.712368949237718, 25.35411366411401
1362327130854, 2.1842075954694513, 2.7158168593296574, 25.03431182427041
1362327130887, 2.0803410078307083, 2.689176874587306, 24.791905946864997
1362327130920, 1.961120104946796, 2.6610289519094397, 24.792532149320564
1362327130954, 1.9163515472278818, 2.681539895313435, 24.491598543095062
1362327130988, 1.9269384263015918, 2.707368788357468, 24.15052616683775
1362327131021, 2.241638022255003, 2.762349101092817, 24.01767437998835
1362327131054, 2.541443620963832, 2.815457047842486, 23.997874543960283
1362327131087, 2.8997254893453266, 2.8313708598928904, 24.1429844032258
1362327131120, 3.108758820045008, 2.832542386066383, 24.174494053845006
1362327131154, 3.2812947205255347, 2.8273359952958996, 24.129203801192244
1362327131187, 3.3798463165969213, 2.823887144808638, 23.92097294072381
1362327131220, 3.418981462452389, 2.8122673727676273, 23.56777821888353
1362327131253, 3.4525387547408517, 2.7624078760776554, 22.95662018811099
1362327131286, 3.4653203191472284, 2.683502890391853, 22.343615786158413
1362327131319, 3.4640886807002174, 2.608763934833277, 21.60141324503765
1362327131353, 3.4642481763365645, 2.559154059226141, 20.605072786715578
1362327131387, 3.46314250543822, 2.4896818060146035, 19.67312068410591
1362327131421, 3.4631626954072, 2.40891295347738, 18.910083691190323
1362327131454, 3.4725635282380116, 2.3255440815526964, 18.097368954395098
1362327131487, 3.4373215352750464, 2.27840850698231, 17.743826284442576
1362327131520, 3.431028695273378, 2.2797369724650722, 17.661602829986208
1362327131553, 3.224946524848059, 2.275016386913997, 16.675410728715097
1362327131587, 3.132397552898788, 2.288504158824134, 15.183094438497807
1362327131620, 3.1156018419725986, 2.337816757127225, 13.527935920102864
1362327131653, 3.0083167248645046, 2.370239796905952, 12.489509209193782
1362327131686, 2.8505510521240813, 2.337786964862846, 12.167780610839273
1362327131719, 2.6441024752671463, 2.2055530163011325, 11.736588713533612
1362327131752, 2.5788426343359547, 2.119985137470578, 11.181472485651351
1362327131785, 2.5738370230040144, 2.173823762404436, 10.594525982067768
1362327131819, 2.5705271163118932, 2.255694138603707, 10.33965389542655
1362327131852, 2.548842784438959, 2.334226625480479, 10.338940569220126
1362327131885, 2.529678229550214, 2.3613790374476173, 10.379972646204033
1362327131918, 2.477670464498886, 2.356870988474053, 10.457487359739694
1362327131952, 2.4152853497217923, 2.3113151668451293, 10.536355660063618
1362327131985, 2.388545725304056, 2.239067178083894, 10.617914203873008
1362327132018, 2.384922041874818, 2.2598589031434324, 10.6296239830991
1362327132051, 2.350927174621388, 2.301602063857717, 10.561810949949608
1362327132084, 2.280986434974808, 2.333029177562458, 10.433987881051243
1362327132117, 2.202593559411156, 2.3803974960197607, 10.126693381768174
1362327132151, 2.146735736481725, 2.4244835314697224, 9.771849599001397
1362327132184, 2.1147547127615467, 2.451829444824075, 9.42849244852344
1362327132218, 2.1081387708452626, 2.4647241520569714, 9.046622028164546
1362327132251, 2.1129597207829387, 2.458503319534302, 8.779800134122294
1362327132284, 2.1130615153949175, 2.4222132771459313, 8.733610177939697
1362327132317, 2.109958102911324, 2.4053620562563047, 8.618423699086895
1362327132350, 2.096275090227232, 2.430823463495889, 8.63486779132846
1362327132383, 2.087444719581409, 2.4420257427480174, 8.626719104399816
1362327132416, 1.9661660443206574, 2.450123503931331, 8.155317597955458
1362327132449, 1.9663138275410559, 2.407909676286875, 6.5657394072803985
1362327132482, 1.9638790297052935, 2.2363569523732045, 4.717358471103048
1362327132515, 1.8527029823014673, 2.178544161891999, 4.0641083658471855
1362327132548, 1.7184227069735571, 2.1679778287499847, 4.068289506289402
1362327132581, 1.6658024853235516, 2.1278871386235148, 4.079332157025934
1362327132614, 1.6648588875848522, 2.0348027660585704, 4.0710563008113025
1362327132647, 1.6651996878553172, 1.9146630456569946, 4.032334457975074
1362327132680, 1.6675671666663598, 1.7739944924200153, 3.966110725834309
1362327132713, 1.6726381994121942, 1.6937958193900766, 3.8434020102418627
1362327132747, 1.6881063105765133, 1.661430867765163, 3.5151523348457725
1362327132781, 1.6748732113048979, 1.6800572810686358, 3.431891720632431
1362327132814, 1.6135983390734725, 1.7075219148565426, 3.7126140303043367
1362327132847, 1.6307364345889546, 1.7314017216901931, 3.8654485811568438
1362327132880, 1.6375630161130978, 1.7905839422507777, 3.739301331881824
1362327132914, 1.645448363851472, 1.8783184672679905, 3.742211944004263
1362327132947, 1.5318762437072933, 1.907270871409477, 3.509460098816375
1362327132980, 1.4930679770500226, 1.946106434470099, 3.067561930465762
1362327133013, 1.487602448945621, 1.9593014870038317, 3.21280664618236
1362327133046, 1.492620759742842, 1.9446247866671016, 2.885567667050754
1362327133080, 1.4952045248459267, 1.9318615156294703, 2.8357128299918557
1362327133113, 1.4874826162718024, 1.9249237615937707, 2.8448554719258747
1362327133146, 1.2413679647243978, 1.9348426527419453, 2.8312720550347064
1362327133179, 0.9827289482977785, 1.9526720116766412, 2.784628504428141
1362327133213, 0.705504958914531, 1.9583528681317985, 2.583472837356329
1362327133246, 0.5465851832723182, 1.9317812210093463, 2.4266134633505714
1362327133280, 0.41137303480970067, 1.8640651241596262, 2.3468961643750985
1362327133313, 0.33281812083968976, 1.7703646031013391, 2.3171866639230783
1362327133346, 0.30360694625136037, 1.6781448926540155, 2.3032806120382343
1362327133379, 0.2781322260402045, 1.5742979302958757, 2.279011035259668
1362327133413, 0.2675952510112989, 1.4289591497208975, 2.2321169983038995
1362327133446, 0.27139125510030754, 1.295366750292718, 2.248710302853106
1362327133479, 0.2771041458075173, 1.151360490614852, 2.291315594293538
1362327133512, 0.27801109915435646, 0.9945093778179429, 2.2890004284165766
1362327133545, 0.2760997062216094, 0.8598907942160465, 2.2895912795512126
1362327133578, 0.26602577153375445, 0.7472675428915848, 2.2927583680622967
1362327133611, 0.26697123324325167, 0.6728043961051106, 2.298550674698543
1362327133644, 0.269817966246104, 0.5931887814116538, 2.3169810843898793
1362327133677, 0.2742744749075015, 0.5177295300175505, 2.367756587433761
1362327133710, 0.2758137117431013, 0.48756085872614896, 2.3889346680636603
1362327133743, 0.26943428492032256, 0.4749474473518594, 2.368953103698885
1362327133776, 0.2699253113756949, 0.4646899003516692, 2.352268219509717
1362327133809, 0.26590228028758156, 0.4683384293621437, 2.3277235554244453
1362327133842, 0.23839906730320046, 0.44314454347803395, 2.3269073989317275
1362327133875, 0.23907038666766883, 0.4498008887594178, 2.1371394761187155
1362327133908, 0.23906413041569427, 0.44490948542902764, 1.9120479371328551
1362327133941, 0.23936917703625646, 0.4414068288017999, 1.9136285798450436
1362327133974, 0.29655071991244025, 0.48360048202239586, 2.055230219803363
1362327134008, 0.30651037797035374, 0.5008064136660276, 2.0406258973222413
1362327134041, 0.30748754608621703, 0.5093117078107712, 2.019482016124041
1362327134074, 0.3080300518760689, 0.5169636015727809, 2.0091457215723856
1362327134107, 0.3078431753748133, 0.5202821082529208, 1.9864966840538327
1362327134140, 0.30754718891435956, 0.5246242903785253, 1.9721539214500026
1362327134174, 0.3060675467568384, 0.5272925481919436, 1.968484530599094
1362327134207, 0.31260513542543367, 0.5403994709626457, 1.981350572670795
1362327134241, 0.3471054738163665, 0.5678461865186514, 2.056763264861969
1362327134274, 0.3677342587247554, 0.5907271193269699, 2.068949949499007
1362327134307, 0.3537555438391501, 0.5952704085798664, 2.0309841816107554
1362327134341, 0.33043088479441957, 0.5999502144717933, 2.0216831557057175
1362327134375, 0.3015982545798105, 0.5996632075865544, 2.0182467723978443
1362327134409, 0.29092464335411, 0.5885920040727646, 1.7313361421471916
1362327134442, 0.28151409963843443, 0.5809866417824346, 1.5203800060362995
1362327134475, 0.26342686562181644, 0.5794018715285542, 1.514934867933551
1362327134509, 0.23447908429993686, 0.565877593211633, 1.560220568332909
1362327134542, 0.21994884447676802, 0.5393076255893088, 1.5681082310270873
1362327134575, 0.21550810317614966, 0.5161332715089858, 1.5685611723390356
1362327134608, 0.21174759407877267, 0.48139614687500665, 1.5707381139456538
1362327134641, 0.20800269064206506, 0.43486915439872714, 1.5645658151513169
1362327134675, 0.20130396006462017, 0.39199691216317395, 1.5975980362140945
1362327134708, 0.18843910296847693, 0.34807919716141505, 1.6126029783523326
1362327134742, 0.17842814872528018, 0.3050938014879362, 1.7058374306907824
1362327134775, 0.1756198491463319, 0.2733102361280483, 1.787288310327966
1362327134808, 0.17301953584356813, 0.23998912249398077, 1.7855157485666429
1362327134841, 0.17286333912890808, 0.20808284262763546, 1.77530161811915
1362327134875, 0.17293106504447095, 0.18978249468073383, 1.7474088945611557
1362327134909, 0.17315601763459726, 0.1811591358455709, 1.7639725597745304
1362327134942, 0.16640435556964067, 0.17649076208891637, 1.6373013390523579
1362327134975, 0.15847005172179499, 0.1711679410536265, 1.2670898492419143
1362327135008, 0.16082296797782927, 0.17085797318903073, 1.0882032143703297
1362327135041, 0.16071341407711515, 0.1659674286104277, 1.0771257318580452
1362327135075, 0.16180020407141654, 0.16509444371673238, 1.0764877386807177
1362327135109, 0.16177518977753158, 0.16497176426232682, 1.043163099498511
1362327135142, 0.16261419729219317, 0.16244826575223814, 0.9967644312340286
1362327135175, 0.16561932626781115, 0.13950664968899232, 1.0271508130179146
1362327135208, 0.16514080687477392, 0.11641760575019845, 1.066537644773893
1362327135242, 0.16464802794319788, 0.09997090900924585, 1.0804589507336029
1362327135276, 0.16012474577483027, 0.09006793624401067, 1.074642851560685
1362327135308, 0.14904017963269464, 0.085277818619681, 1.0777195370449086
1362327135341, 0.14908322738324348, 0.08286210958201014, 1.0697969801575316
1362327135375, 0.14939206245693715, 0.080614186022134, 1.0274544045538265
1362327135408, 0.1505940535694764, 0.0830077865343043, 1.0137810059310712
1362327135441, 0.14964117760796705, 0.083393609269211, 1.0492220926758955
1362327135474, 0.14973914147784356, 0.08678459169954231, 1.0727320590444525
1362327135508, 0.15263894644814907, 0.08781389314052856, 1.075697528154689
1362327135541, 0.15385387543071466, 0.08380768723115721, 1.073279920872223
1362327135574, 0.1574938124221627, 0.08412050354773272, 1.0918390976475592
1362327135607, 0.157429522534615, 0.08363887166657807, 1.089736882906045
1362327135640, 0.1591239663577643, 0.08369702086844985, 1.1381496448919874
1362327135673, 0.15465023277302595, 0.08085460347292205, 1.1307284954517014
1362327135706, 0.15571433519004932, 0.07927957468537315, 1.1310626314452148
1362327135739, 0.15619800239215392, 0.07785646027731297, 1.1318345306630855
1362327135772, 0.1574222996723736, 0.07734796480497381, 1.13364909354689
1362327135805, 0.15720772258982127, 0.07695206345445804, 1.1213733187279415
1362327135838, 0.15592092462840323, 0.07594209246735091, 1.1182938666664384
1362327135871, 0.1559529733457167, 0.07597318370727997, 1.089469163499199
1362327135904, 0.14937189083317984, 0.07575550634962132, 1.0890029527426257
1362327135937, 0.14479688095996412, 0.07605279560146627, 1.0882728164151558
1362327135971, 0.14286198185191762, 0.07601843467451609, 1.0890861643476977
1362327136004, 0.14477252782052633, 0.07649196637351066, 1.0779557572245977
1362327136037, 0.14417452589090257, 0.07486758742008455, 1.0475500124345252
1362327136070, 0.13815882055135845, 0.07445849127628472, 1.051391649636653
1362327136104, 0.10364762700259261, 0.05590956313497938, 0.964792758116393
1362327136137, 0.1073962327597638, 0.056465042096698344, 0.9609877688075799
1362327136170, 0.125181988657162, 0.06644190167385465, 0.9737470371124172
1362327136203, 0.14336478718073775, 0.06982419871131382, 0.9797897923074337
1362327136236, 0.17928688271674884, 0.07046093822656135, 0.9797776223364506
1362327136270, 0.20756527105385475, 0.09031520179640631, 0.9896562738547875
1362327136303, 0.22806837723819265, 0.134808189382284, 1.031471654856365
1362327136337, 0.22910499277658297, 0.17854668364533338, 1.061807060051667
1362327136370, 0.21101260575520378, 0.20082861837962315, 1.0243170392527037
1362327136403, 0.19946463235105652, 0.22340347064747598, 1.024500771848585
1362327136437, 0.21363543428006312, 0.25254398703696884, 1.018812545702534
1362327136471, 0.23721246371758622, 0.27485524508661463, 1.0440044116665506
1362327136504, 0.2645330488661911, 0.29580408465513125, 1.0517966830472145
1362327136538, 0.3085727171056164, 0.31037985419354797, 1.0752330816668731
1362327136571, 0.36087035376439913, 0.32104272047842847, 1.0979756028253846
1362327136604, 0.40806259194787875, 0.32785771443949707, 1.1172232871744283
1362327136637, 0.44989906484531367, 0.3334287942970243, 1.1036804791088923
1362327136670, 0.5112548709949386, 0.3490193743582036, 1.186900253600254
1362327136703, 0.5831956914110045, 0.36757095119503963, 1.2430575381567945
1362327136736, 0.5956342242517545, 0.3804228328969836, 1.2417486250193268
1362327136770, 0.5956895639032156, 0.44584455158617414, 1.4258868705139733
1362327136803, 0.59965662799142, 0.6250789698245449, 1.7256483385925885
1362327136836, 0.6094512897025527, 0.808803716284996, 1.8591380153645316
1362327136870, 0.6147597740548517, 0.9753154735339146, 1.7818660407522404
1362327136903, 0.6131828767188175, 1.1350976556778551, 1.7144112733074939
1362327136936, 0.6300009873641393, 1.309961146702678, 1.7613781955672783
1362327136969, 0.658735631431903, 1.4960049718086803, 1.8507962971412728
1362327137002, 0.689706324644752, 1.6709149786153765, 1.9719499640287452
1362327137035, 0.7075450190730372, 1.841991468913846, 2.032695720211643
1362327137068, 0.7122395632663708, 1.9704099635644714, 2.025307257382813
1362327137101, 0.7339265746860454, 2.045532557089061, 1.8317490438850226
1362327137134, 0.7533955081553223, 2.0871125595169766, 1.7585181283865547
1362327137167, 0.7777999647364672, 2.1187201485106253, 1.7823399085956266
1362327137201, 0.798102313362962, 2.1534139390111116, 1.8102689574550843
1362327137234, 0.8288096266079856, 2.1819260693266833, 1.8228812688996359
1362327137267, 0.8585545744214663, 2.22746832442507, 1.8660972112753036
1362327137300, 0.8868111173870519, 2.294184247242443, 1.7968532742867018
1362327137333, 0.9800193858838113, 2.321923020211101, 1.8308847715298344
1362327137367, 0.981077377887739, 2.507346078327104, 2.5463228871991417
1362327137400, 0.9830846686036084, 2.596905928378676, 2.6625107077543166
1362327137433, 1.045713550743406, 2.6129851496415903, 2.6816920185364346
1362327137466, 1.1288987926678573, 2.632155304416672, 2.716017517345193
1362327137500, 1.1713784485656369, 2.6221160606806277, 2.719911641200131
1362327137533, 1.1750089042775906, 2.580093013784966, 2.7132914779779713
1362327137566, 1.1772812516715738, 2.5670247047026247, 2.610934048619351
1362327137600, 1.177759243976794, 2.5793922952038573, 2.6182529148622624
1362327137634, 1.1733628764921957, 2.60222438969393, 2.612623075598724
1362327137667, 1.169480952091776, 2.6098788131879362, 2.6559812166339563
1362327137701, 1.1613397663382314, 2.6127355045235623, 2.7230766755267495
1362327137735, 1.1712869873491607, 2.5918630379794627, 2.717699489732517
1362327137768, 1.1890091705341752, 2.58710360323531, 2.607149767841026
1362327137801, 1.1992757689213225, 2.5941927039006467, 2.656721711178603
1362327137835, 1.2114489941540634, 2.60553070864725, 2.687308556350622
1362327137868, 1.2439989326980023, 2.6006478083991165, 2.6961201175072036
1362327137901, 1.2706235245677726, 2.597084013799765, 2.7416299931676402
1362327137934, 1.3022062433425199, 2.5485906110642405, 2.698888292824418
1362327137967, 1.3052290781546325, 2.4967206858674245, 2.701902783444759
1362327138000, 1.3060796060589988, 2.4568600176342095, 2.650396322097707
1362327138033, 1.3051361171064313, 2.447618861818497, 2.6467797742379133
1362327138066, 1.3206162514472355, 2.4655674014325832, 2.619228888668752
1362327138099, 1.3799822316645, 2.547365055842193, 2.66381327799783
1362327138132, 1.4288086826469193, 2.624406598399335, 2.799587245521185
1362327138166, 1.4176779390137249, 2.5947162502166052, 2.8426188288213154
1362327138199, 1.419774060995891, 2.4813081608810883, 2.8252949161310856
1362327138232, 1.4223372039307696, 2.339131237781111, 2.8642496002049347
1362327138265, 1.4226633412142888, 2.1385242963009685, 2.8055802860900587
1362327138299, 1.4162955105845143, 1.9006923175347552, 2.640097817892748
1362327138332, 1.4086020264793349, 1.6939005718058389, 2.5231875137714175
1362327138365, 1.3849767083578564, 1.555901865804929, 2.4286418878900307
1362327138398, 1.3680925760087652, 1.4908143705800283, 2.40427289259011
1362327138431, 1.3739395154275988, 1.4794768243003322, 2.4454762221410844
1362327138464, 1.412051577268537, 1.481646630184364, 2.460086303857481
1362327138497, 1.4135244859841485, 1.4502529309054828, 2.4171351393399525
1362327138530, 1.402473072417791, 1.4084486039637822, 2.4359781679822694
1362327138563, 1.384596612619853, 1.3517950785296522, 2.4109706078965054
1362327138596, 1.362819343783935, 1.2850804579702588, 2.4203035119635112
1362327138629, 1.3311260808129635, 1.2126156154794023, 2.425601642497363
1362327138662, 1.2617909802979423, 1.1279610877141575, 2.415116687018297
1362327138695, 1.1768132475475097, 1.0327341417883682, 2.4072376564536735
1362327138728, 1.0997776330443156, 0.9216302491209899, 2.3930651687039273
1362327138761, 1.028221544918027, 0.807785162678039, 2.3827926921723965
1362327138794, 0.919137372246805, 0.7222249376922767, 2.38995671237607
1362327138827, 0.7881981724242796, 0.6377744724160815, 2.39278679982169
1362327138861, 0.7416335589814794, 0.5446214224658364, 2.326425236753558
1362327138894, 0.736911737340427, 0.5146466704424684, 2.330950847580114
1362327138927, 0.710407936602739, 0.5144671741017153, 2.243006085335912
1362327138960, 0.6660108609000137, 0.5175262652408548, 2.2273520282440193
1362327138993, 0.6342445606462871, 0.5189721394973171, 2.2252201714868987
1362327139027, 0.6281261252082708, 0.5245107316003952, 2.227456474223294
1362327139060, 0.6290618628349641, 0.530699069250117, 2.2396963890442336
1362327139093, 0.6266218322305622, 0.5362374624353554, 2.253352600034432
1362327139126, 0.6231535676380158, 0.5345726695350971, 2.238848960422839
1362327139159, 0.6227381597260806, 0.5337717678250368, 2.2381060400583426
1362327139193, 0.6237200579055991, 0.5358185290066038, 2.242240839073346
1362327139226, 0.6240206117952629, 0.5336983302547188, 2.240507520375119
1362327139259, 0.6228954539697714, 0.5240873360371703, 2.2283853271292817
1362327139292, 0.6205360775299776, 0.5088541529782524, 2.2268390866522885
1362327139326, 0.6188140761146864, 0.4958177944378813, 2.22689591935041
1362327139359, 0.6136283836438199, 0.4749173951898426, 2.219215114813169
1362327139392, 0.6079203367406446, 0.4631969302274863, 2.2191700368443636
1362327139425, 0.6017544441096194, 0.4591329521459181, 2.206132370811481
1362327139458, 0.5547022665108922, 0.443547505080809, 1.905105748919289
1362327139491, 0.5533530978580478, 0.430746567067281, 1.4338582636820154
1362327139524, 0.5526531238256338, 0.4322665003991138, 1.3999469145889034
1362327139558, 0.5233425397625324, 0.4254796970826472, 1.4009879203394147
1362327139592, 0.4762797104203538, 0.42255968731949156, 1.4008646838998873
1362327139625, 0.45485491578793547, 0.40745727228829587, 1.3923972226936219
1362327139658, 0.4548782571312306, 0.384195690192322, 1.3506106437052332
1362327139691, 0.4422196834034883, 0.36172430354944807, 1.2849967001414222
1362327139724, 0.4256594097185521, 0.35005177175451535, 1.2226928219242437
1362327139767, 0.4126900248677425, 0.34727127629496324, 1.207163708118122
1362327139800, 0.4053136194575303, 0.3434742597087869, 1.203501376626966
1362327139833, 0.40188922205154204, 0.3383873535167063, 1.1939299877979934
1362327139866, 0.3996876126384268, 0.33233647163589264, 1.1802785404610745
1362327139899, 0.39511833555747505, 0.3299188431746874, 1.1765775948367603
1362327139932, 0.39346655640713907, 0.33106893595382525, 1.1217289488257374
1362327139965, 0.39089486506103327, 0.332216068975424, 1.0994794870367002
1362327139998, 0.3751073103146142, 0.33341126201354016, 1.0849901712282715
1362327140031, 0.3627708277839902, 0.3349033747197378, 1.0348558820422038
1362327140064, 0.34486096591732696, 0.3336116134972136, 1.035597594025352
1362327140097, 0.34494275966176025, 0.3319360778309986, 1.0233832098232745
1362327140130, 0.3401053811307481, 0.33144266986733284, 1.022636271053708
1362327140163, 0.3414839362113793, 0.3298710305925105, 0.9252085688354494
1362327140196, 0.33203966462487783, 0.32173878106125275, 0.8599889827889526
1362327140229, 0.28129354683329844, 0.2809764622446954, 0.8047498711473412
1362327140262, 0.23350861574634854, 0.23668155262276633, 0.6770334924282494
1362327140295, 0.23863941074189932, 0.22919955956024682, 0.6256504115986169
1362327140328, 0.24919945732166132, 0.24299446258257862, 0.6008751878206682
1362327140361, 0.25092084281624477, 0.2277246430160465, 0.5026545126276559
1362327140394, 0.247879259448018, 0.20656284548990572, 0.408970913202448
1362327140427, 0.247010496521937, 0.19717500988750872, 0.39119504143149897
1362327140460, 0.2513385055274795, 0.1849255461951699, 0.3766415845833949
1362327140493, 0.2645508471084735, 0.17478603495820597, 0.37694670267964364
1362327140526, 0.27155158943653346, 0.16923303214544794, 0.385690765287347
1362327140560, 0.24387258413238827, 0.17205518516354715, 0.3718788723018555
1362327140593, 0.18583523603709623, 0.1906037777552962, 0.36209662948002147
1362327140627, 0.18615458302763996, 0.23591044611444476, 0.36245865116835757
1362327140660, 0.21738818171817412, 0.29279266194111553, 0.30731501633536906
1362327140693, 0.3164157110869931, 0.3682902768205028, 0.307231264816259
1362327140726, 0.35947408468947134, 0.4263722671450626, 0.2835569361066057
1362327140760, 0.3558707798130511, 0.5487268147587824, 0.26778962638107384
1362327140793, 0.35756995747289927, 0.6469534726545068, 0.2847562907946917
1362327140826, 0.34849897920883743, 0.7383273711596061, 0.29484556922269883
1362327140859, 0.3510582111067159, 0.9352650067017726, 0.2949155319779167
1362327140892, 0.3564899440452486, 1.0691106588096502, 0.29115758887583854
1362327140925, 0.3577034188173501, 1.2074766828204824, 0.2819579495436448
1362327140958, 0.3554234495893368, 1.438603820159294, 0.27478041228906924
1362327140991, 0.3560807207179179, 1.656549710040207, 0.27992986047994795
1362327141024, 0.3629896955258031, 1.8265360529565264, 0.2676011606310593
1362327141058, 0.39410454535764633, 2.020981716340172, 0.2715885305076495
1362327141092, 0.4449117840646537, 2.176375947524459, 0.2687258317503103
1362327141126, 0.4483546340967214, 2.2540954977781458, 0.26731219471408385
1362327141159, 0.45766088056468135, 2.255808177660865, 0.28202739884003136
1362327141192, 0.4775154585998235, 2.2474559235185554, 0.30511841641074366
1362327141225, 0.5311221650237037, 2.2450234363162043, 0.3253827761601015
1362327141259, 0.6047460410067865, 2.245864769961777, 0.3571461944440774
1362327141293, 0.6582801784554955, 2.2288530129043225, 0.35694998244190945
1362327141326, 0.6621208608149058, 2.2122886686487093, 0.3479270013791919
1362327141359, 0.6809261683948263, 2.209253025068755, 0.3384063116463039
1362327141393, 0.6949506785928391, 2.211543460703071, 0.37998312332009127
1362327141426, 0.7115320340931282, 2.2136740538010904, 0.4566791230874314
1362327141459, 0.8798042530770188, 2.2185002589773366, 0.46059564390059626
1362327141492, 1.1849085271763056, 2.2042334056502733, 0.46081268000241804
1362327141526, 1.3879367710333892, 2.2072797212236663, 0.46399947088549504
1362327141560, 1.476160673231724, 2.2214016580896763, 0.4636004629754744
1362327141593, 1.5129248482364244, 2.2642017354175334, 0.4662297731533076
1362327141627, 1.5662199179538578, 2.299477387527361, 0.47365386810507737
1362327141660, 1.712112154090865, 2.3018050364693075, 0.4774655180896383
1362327141694, 1.997118280757616, 2.290734166692014, 0.47761072844636154
1362327141728, 2.3897754596410703, 2.2823707982090724, 0.4829611558681559
1362327141761, 2.49258300278313, 2.3222039741383793, 0.48952525026490545
1362327141794, 2.628574579873291, 2.380902171728428, 0.4901118012528532
1362327141827, 2.7489296286833347, 2.4392653627437597, 0.5055242799870482
1362327141861, 2.849640475137746, 2.5214888069771195, 0.5116157915556125
1362327141894, 2.896687613482823, 2.620551349629957, 0.5201126588185717
1362327141927, 2.9300569144298776, 2.7041181986724183, 0.5319221507609636
1362327141960, 2.984260204543175, 2.7580415984928077, 0.537494070821233
1362327141993, 3.1047752896700085, 2.8029587976963537, 0.5432932016570727
1362327142027, 3.2377102712824444, 2.860665734403508, 0.5595456738419647
1362327142060, 3.346033665622167, 2.9492129783080694, 0.607117362731057
1362327142093, 3.448632614441264, 3.0926698352444713, 0.6599512386308451
1362327142126, 3.532796638337331, 3.2450431238721045, 0.708374834203479
1362327142159, 3.595126984983963, 3.3878264595273495, 0.7325205502285007
1362327142192, 3.65324184592256, 3.5053130315351817, 0.7346195526934325
1362327142226, 3.7596726478876255, 3.623056097582825, 0.7332041191821927
1362327142258, 3.859050108425756, 3.7415747314687335, 0.7464665093371607
1362327142291, 3.9205919463582983, 3.877471688931817, 0.7930368048599509
1362327142325, 3.963677489776413, 3.9566926371760225, 0.8170091217393541
1362327142359, 4.066116345110144, 4.029946370877761, 0.8235350899528635
1362327142393, 4.259580794726632, 4.120655867768293, 0.845454604771527
